grid_cell_id,pred_raw,barangay_name_clean,__target__,population
0_22,0.38716547914929844,PATALON,0.3963328631875881,663.0
0_23,0.37711650030162375,PATALON,0.3963328631875881,663.2222222222222
0_24,0.37615170020470323,LABUAN,0.3763066202090592,4151.571428571428
0_25,0.3748639908810688,LABUAN,0.3763066202090592,5103.0
0_26,0.3796172998654484,LABUAN,0.3763066202090592,3787.125
0_27,0.3815632069897346,LABUAN,0.3763066202090592,1594.0
0_28,0.4112652246969821,LIMPAPA,0.4592334494773519,1594.0
0_29,0.4434191852991923,LIMPAPA,0.4592334494773519,1594.0
0_30,0.4453490029320163,LIMPAPA,0.4592334494773519,856.75
0_31,0.44563879575741183,LIMPAPA,0.4592334494773519,1594.0
0_32,0.4461455683728492,LIMPAPA,0.4592334494773519,1594.0
10_10,0.2779467809399842,MAASIN,0.2434119278779473,1442.0
10_11,0.36832129251027296,BALUNO,0.4964639321074964,1207.8333333333333
10_12,0.4774358250763064,BALUNO,0.4964639321074964,707.0
10_13,0.4715327249301359,BALUNO,0.4964639321074964,707.0
10_14,0.46426245344273676,LA PAZ,0.4235781990521327,1393.7
10_15,0.4316463075671108,LA PAZ,0.4235781990521327,1688.0
10_16,0.405504477724903,LA PAZ,0.4235781990521327,1688.0
10_17,0.40592232922873245,LA PAZ,0.4235781990521327,1688.0
10_19,0.41172190325505975,LA PAZ,0.4235781990521327,1023.3636363636364
10_20,0.421754592683528,LA PAZ,0.4235781990521327,775.6666666666666
10_21,0.42210797169087605,LA PAZ,0.4235781990521327,1754.25
10_22,0.4225427449736626,LA PAZ,0.4235781990521327,2127.0
10_23,0.42241644052207744,LA PAZ,0.4235781990521327,2127.0
10_24,0.4212987521196486,LA PAZ,0.4235781990521327,2127.0
10_25,0.42289594692418964,LA PAZ,0.4235781990521327,3157.0
10_9,0.27139932458325694,MAASIN,0.2434119278779473,2248.0
11_10,0.28458717836724745,SINUNOC,0.3516570226196738,2032.0
11_11,0.351185152676023,BALUNO,0.4964639321074964,1221.5
11_12,0.46440436482039,BALUNO,0.4964639321074964,707.0
11_13,0.4571483839375995,BALUNO,0.4964639321074964,707.0
11_14,0.4505901475782595,BALUNO,0.4964639321074964,782.4615384615385
11_15,0.44097038511360803,LA PAZ,0.4235781990521327,1688.0
11_16,0.4208220838547428,LA PAZ,0.4235781990521327,1688.0
11_17,0.4277011793276374,LA PAZ,0.4235781990521327,1688.0
11_18,0.4425852753802301,LA PAZ,0.4235781990521327,1133.0
11_19,0.4341101417374956,LA PAZ,0.4235781990521327,1291.5714285714287
11_20,0.42962591252597016,LA PAZ,0.4235781990521327,1341.125
11_21,0.42926906767302064,LA PAZ,0.4235781990521327,1133.0
11_22,0.423388519575495,LA PAZ,0.4235781990521327,1834.3333333333333
11_23,0.42331177518619645,LA PAZ,0.4235781990521327,2127.0
11_24,0.42373460281507325,LA PAZ,0.4235781990521327,2212.8333333333335
11_25,0.424465348728896,LA PAZ,0.4235781990521327,3157.0
11_26,0.424265121059041,LA PAZ,0.4235781990521327,3157.0
11_27,0.4163246445809175,LA PAZ,0.4235781990521327,3157.0
11_8,0.2735034240076629,SINUNOC,0.3516570226196738,3650.0
11_9,0.2725807920156486,SINUNOC,0.3516570226196738,3802.0
12_10,0.30252612694858855,SINUNOC,0.3516570226196738,3802.0
12_11,0.38058133937951555,BALUNO,0.4964639321074964,1645.125
12_12,0.43159551786846967,BALUNO,0.4964639321074964,707.0
12_13,0.4419162624697841,BALUNO,0.4964639321074964,707.0
12_14,0.4464827416626546,BALUNO,0.4964639321074964,707.0
12_15,0.4624500931427279,BALUNO,0.4964639321074964,1612.5384615384614
12_16,0.46810989669668657,BALUNO,0.4964639321074964,1688.0
12_17,0.46931714331567154,BALUNO,0.4964639321074964,1197.5
12_18,0.46748782794111193,BALUNO,0.4964639321074964,1256.3333333333333
12_19,0.4634818814774803,LA PAZ,0.4235781990521327,1318.0
12_20,0.46690014540828784,BALUNO,0.4964639321074964,1688.0
12_21,0.4464154316714062,LA PAZ,0.4235781990521327,1466.0
12_22,0.4238810453749246,LA PAZ,0.4235781990521327,1688.0
12_23,0.4239513239437489,LA PAZ,0.4235781990521327,2127.0
12_24,0.4323125715384955,LA PAZ,0.4235781990521327,1907.5
12_25,0.4296955570995794,LA PAZ,0.4235781990521327,3157.0
12_26,0.4256727099853703,LA PAZ,0.4235781990521327,3157.0
12_27,0.427978055776973,LA PAZ,0.4235781990521327,3157.0
12_28,0.4302746219424595,LA PAZ,0.4235781990521327,3157.0
12_7,0.2785526887407278,SINUNOC,0.3516570226196738,
12_8,0.2672498242286824,SINUNOC,0.3516570226196738,2637.6
12_9,0.2915725924955128,SINUNOC,0.3516570226196738,3802.0
13_10,0.2717315654581846,SINUNOC,0.3516570226196738,3354.153846153846
13_11,0.3903807054840774,SINUNOC,0.3516570226196738,2640.7272727272725
13_12,0.3789721873674897,CAPISAN,0.2843450479233226,1351.0
13_13,0.4200306275304692,BALUNO,0.4964639321074964,707.0
13_14,0.43534978638324445,BALUNO,0.4964639321074964,707.0
13_15,0.46627173264015537,BALUNO,0.4964639321074964,707.0
13_16,0.4673986508039284,BALUNO,0.4964639321074964,1099.4
13_17,0.46865350223104435,BALUNO,0.4964639321074964,1099.4
13_18,0.4698973001241857,BALUNO,0.4964639321074964,1688.0
13_19,0.4697597251577778,BALUNO,0.4964639321074964,1688.0
13_20,0.4698651692153528,BALUNO,0.4964639321074964,1688.0
13_21,0.46911538337645364,BALUNO,0.4964639321074964,1688.0
13_25,0.43033138248025377,LA PAZ,0.4235781990521327,2569.4
13_26,0.4301971853594747,LA PAZ,0.4235781990521327,3157.0
13_28,0.43445988010440406,LA PAZ,0.4235781990521327,3157.0
13_29,0.4434258368603802,LA PAZ,0.4235781990521327,1435.0
13_30,0.4369034765774626,LA PAZ,0.4235781990521327,1435.0
13_7,0.2611096150058116,SINUNOC,0.3516570226196738,3161.5
13_8,0.25787350604728293,MALAGUTAY,0.1829405162738496,1693.9375
13_9,0.2647303643316486,SINUNOC,0.3516570226196738,1800.6875
14_10,0.2557719672814108,SAN ROQUE,0.2512908777969019,2657.2727272727275
14_11,0.3450106210060419,CAPISAN,0.2843450479233226,2493.625
14_12,0.32789450677654164,CAPISAN,0.2843450479233226,1060.642857142857
14_13,0.3323994566418839,CAPISAN,0.2843450479233226,707.0
14_14,0.35509269376104385,DULIAN,0.3153456998313659,615.1666666666666
14_15,0.3774945960530213,DULIAN,0.3153456998313659,600.7407407407408
14_16,0.4466527774083663,BALUNO,0.4964639321074964,1127.4285714285713
14_17,0.4572582080837105,BALUNO,0.4964639321074964,707.0
14_18,0.4290826266400729,BALUNO,0.4964639321074964,707.0
14_19,0.4602883297134506,BALUNO,0.4964639321074964,1688.0
14_20,0.4432166320348067,BALUNO,0.4964639321074964,1688.0
14_26,0.41800365449936266,LA PAZ,0.4235781990521327,3157.0
14_27,0.42210457941701823,LA PAZ,0.4235781990521327,3157.0
14_29,0.367881905068482,LA PAZ,0.4235781990521327,1435.0
14_30,0.4107957314522415,LA PAZ,0.4235781990521327,1435.0
14_6,0.26781418476767577,CALARIAN,0.2944369063772049,2948.0
14_7,0.26547612370607754,MALAGUTAY,0.1829405162738496,2819.4375
14_8,0.2514168703729767,MALAGUTAY,0.1829405162738496,1438.875
14_9,0.2504968817590935,MALAGUTAY,0.1829405162738496,1583.0
15_10,0.2538823737879042,SAN ROQUE,0.2512908777969019,3313.0
15_11,0.2870806199579232,CAPISAN,0.2843450479233226,1236.5
15_12,0.29696129964299034,CAPISAN,0.2843450479233226,313.0
15_13,0.29590864471657935,CAPISAN,0.2843450479233226,517.6875
15_14,0.2969379493925893,DULIAN,0.3153456998313659,367.25
15_15,0.2953836233839229,DULIAN,0.3153456998313659,431.5
15_26,0.3924155941197124,LA PAZ,0.4235781990521327,3157.0
15_27,0.39552388948466893,LA PAZ,0.4235781990521327,3157.0
15_29,0.3450952556464679,LA PAZ,0.4235781990521327,1435.0
15_6,0.2662016231270454,CALARIAN,0.2944369063772049,2948.0
15_7,0.26621858453931946,CALARIAN,0.2944369063772049,2981.625
15_8,0.243559280626066,SAN ROQUE,0.2512908777969019,3313.0
15_9,0.24624285052607237,SAN ROQUE,0.2512908777969019,3161.625
16_10,0.24968841001661543,SAN ROQUE,0.2512908777969019,2730.923076923077
16_11,0.27717793193427204,DULIAN,0.3153456998313659,1495.0384615384614
16_12,0.2941500676970039,DULIAN,0.3153456998313659,411.75
16_13,0.2942345051863184,DULIAN,0.3153456998313659,375.15384615384613
16_14,0.2934007131123767,DULIAN,0.3153456998313659,407.8
16_6,0.2168436342749213,CALARIAN,0.2944369063772049,1990.2
16_7,0.22586688574465738,CALARIAN,0.2944369063772049,3021.625
16_8,0.22446059914504668,SAN ROQUE,0.2512908777969019,3281.5
16_9,0.22661260243391088,CABATANGAN,0.2021621621621621,2463.5
17_10,0.23911501685420275,CABATANGAN,0.2021621621621621,1850.0
17_11,0.26263230279043315,DULIAN,0.3153456998313659,588.625
17_12,0.2818044612665143,DULIAN,0.3153456998313659,431.5
17_13,0.289330207654717,DULIAN,0.3153456998313659,431.5
17_14,0.2892474477850786,DULIAN,0.3153456998313659,431.5
17_6,0.19752741852071437,SAN JOSE GUSU,0.2019937040923399,2275.6
17_7,0.20463793934365543,SAN ROQUE,0.2512908777969019,2399.75
17_8,0.21106356992198133,CABATANGAN,0.2021621621621621,2710.375
17_9,0.21277103935818598,CABATANGAN,0.2021621621621621,1850.0
18_10,0.21162937382611058,PASONANCA,0.2206148282097649,2111.4285714285716
18_11,0.24071913086461033,PASONANCA,0.2206148282097649,898.2
18_12,0.2557435134762873,PASONANCA,0.2206148282097649,1067.909090909091
18_5,0.1959316265691253,SAN JOSE CAWA CAWA,0.2169117647058823,344.5
18_6,0.18952862196579218,CANELAR,0.1798107255520504,874.9375
18_7,0.1949377749793264,SANTA MARIA,0.1808898614150255,1371.0
18_8,0.20781454705750688,CABATANGAN,0.2021621621621621,1620.25
18_9,0.2109313687693233,CABATANGAN,0.2021621621621621,1850.0
19_10,0.2081125362823036,PASONANCA,0.2206148282097649,2707.8125
19_11,0.2197895131862007,PASONANCA,0.2206148282097649,2707.8125
19_12,0.24383429307007234,PASONANCA,0.2206148282097649,2340.7272727272725
19_13,0.24321017419822658,PASONANCA,0.2206148282097649,454.57142857142856
19_14,0.28840916000239925,PASONANCA,0.2206148282097649,431.5
19_15,0.2981199127440952,PASONANCA,0.2206148282097649,377.6666666666667
19_16,0.35327134988836806,PASONANCA,0.2206148282097649,707.0
19_5,0.1973834909838826,SANTO NIÑO,0.1918465227817745,358.26666666666665
19_6,0.19034460643280135,CANELAR,0.1798107255520504,893.3125
19_7,0.18806479861832764,SANTA MARIA,0.1808898614150255,1371.0
19_8,0.19415736758364924,PASONANCA,0.2206148282097649,1782.4375
19_9,0.20627453271513121,PASONANCA,0.2206148282097649,2569.25
1_19,0.3816719940243276,PATALON,0.3963328631875881,2177.0
1_20,0.39093178539252343,PATALON,0.3963328631875881,2177.0
1_21,0.3915332036666405,PATALON,0.3963328631875881,664.0
1_22,0.3887760364709232,PATALON,0.3963328631875881,664.0
1_23,0.3812172653761406,PATALON,0.3963328631875881,2439.4666666666667
1_24,0.3790614676674329,LABUAN,0.3763066202090592,4244.5
1_25,0.378576735605117,LABUAN,0.3763066202090592,5103.0
1_26,0.38231098415232084,LABUAN,0.3763066202090592,2133.846153846154
1_27,0.3865620266542894,LABUAN,0.3763066202090592,1594.0
1_28,0.4125695367044129,LIMPAPA,0.4592334494773519,1594.0
1_29,0.4426590065049587,LIMPAPA,0.4592334494773519,1594.0
1_30,0.4449592322392312,LIMPAPA,0.4592334494773519,1239.7
1_31,0.44638748804599787,LIMPAPA,0.4592334494773519,1172.7142857142858
1_32,0.44612167914957984,LIMPAPA,0.4592334494773519,611.0
20_10,0.2034795832125582,PASONANCA,0.2206148282097649,2589.5
20_11,0.22039507939880285,PASONANCA,0.2206148282097649,2702.6
20_12,0.24191556179186174,PASONANCA,0.2206148282097649,2456.75
20_13,0.24636236249409246,PASONANCA,0.2206148282097649,1689.6363636363637
20_14,0.28860299561253816,PASONANCA,0.2206148282097649,1098.2142857142858
20_15,0.2920784069375228,PASONANCA,0.2206148282097649,611.0
20_16,0.34206109508966553,LUMAYANG,0.2690582959641255,707.0
20_22,0.394298211370575,SALAAN,0.3674157303370786,1688.0
20_4,0.3309166329083513,ZONE III,0.1587301587301587,1365.3333333333333
20_5,0.20180562316884076,ZONE IV,0.3009708737864077,1867.25
20_6,0.18385173806840122,TETUAN,0.1349693251533742,2445.0
20_7,0.18471116410063132,TETUAN,0.1349693251533742,2231.1875
20_8,0.18856320276005661,TUMAGA,0.2211684370257966,2465.9375
20_9,0.19475884310142427,TUMAGA,0.2211684370257966,2652.125
21_10,0.1972175766401939,LUNZURAN,0.1760524876981957,2030.75
21_11,0.22401757269492797,LUNZURAN,0.1760524876981957,2180.0
21_12,0.24621867802706646,LUMBANGAN,0.2337198929527207,2349.0
21_13,0.26092107012592036,LUMAYANG,0.2690582959641255,1867.5714285714287
21_14,0.2896387064169531,LUMAYANG,0.2690582959641255,2301.2
21_15,0.29140966452965317,LUMAYANG,0.2690582959641255,2765.0
21_16,0.3049971491079873,LUMAYANG,0.2690582959641255,1542.75
21_17,0.3317778671685999,LUMAYANG,0.2690582959641255,707.0
21_18,0.3907192688091494,SALAAN,0.3674157303370786,1197.5
21_19,0.3912779265404322,SALAAN,0.3674157303370786,1361.0
21_22,0.39420584773270956,SALAAN,0.3674157303370786,1688.0
21_23,0.3941404703168776,TOLOSA,0.4410480349344978,1688.0
21_4,0.43683669793696744,RIO HONDO,0.4433249370277078,4769.75
21_5,0.3281625316797422,SANTA CATALINA,0.218348623853211,5103.4
21_6,0.1954883993905188,TETUAN,0.1349693251533742,2683.625
21_7,0.18237643086012692,GUIWAN,0.1147208121827411,1623.75
21_8,0.18126945040090983,TUMAGA,0.2211684370257966,1919.4375
21_9,0.18781470851826898,TUMAGA,0.2211684370257966,2192.0
22_10,0.19408155199901436,LUNZURAN,0.1760524876981957,1685.8125
22_11,0.21547164658211526,LUMBANGAN,0.2337198929527207,1475.0
22_12,0.24622269928023152,LUMBANGAN,0.2337198929527207,1253.75
22_13,0.25338250880057156,LUMAYANG,0.2690582959641255,716.0
22_14,0.29801800340412204,LUMAYANG,0.2690582959641255,777.2857142857143
22_15,0.2959138572114051,LUMAYANG,0.2690582959641255,624.3846153846154
22_16,0.3016548064674121,LUMAYANG,0.2690582959641255,1837.4
22_17,0.36038453437154205,SALAAN,0.3674157303370786,654.8
22_18,0.391342009848475,SALAAN,0.3674157303370786,707.0
22_19,0.3913828634667361,SALAAN,0.3674157303370786,782.4615384615385
22_20,0.3912106823599187,SALAAN,0.3674157303370786,1197.5
22_21,0.3914553582518613,SALAAN,0.3674157303370786,1688.0
22_22,0.3933722206582171,TOLOSA,0.4410480349344978,1688.0
22_23,0.39395873401502707,TOLOSA,0.4410480349344978,1688.0
22_24,0.3936472991165889,TOLOSA,0.4410480349344978,1688.0
22_4,0.3844971621599815,KASANYANGAN,0.4436644436644437,2418.25
22_5,0.3171367793471082,KASANYANGAN,0.4436644436644437,5100.5
22_6,0.22547417271962564,TUGBUNGAN,0.2220946256316031,4331.6875
22_7,0.21058212779109786,GUIWAN,0.1147208121827411,2801.875
22_8,0.18971861717769714,PUTIK,0.1457925636007827,1726.8125
22_9,0.18564144095874485,PUTIK,0.1457925636007827,1569.5
23_10,0.19277124660547132,DIVISORIA,0.1981735159817351,1349.8125
23_11,0.21292496828577093,LUMBANGAN,0.2337198929527207,1487.0
23_12,0.24538559374544094,LUMBANGAN,0.2337198929527207,1168.25
23_13,0.26197730386334656,LUMAYANG,0.2690582959641255,865.2
23_14,0.3053023703508661,SALAAN,0.3674157303370786,567.0909090909091
23_15,0.3019722402969437,SALAAN,0.3674157303370786,631.0
23_16,0.297764767936233,SALAAN,0.3674157303370786,446.0
23_17,0.38068911874870176,SALAAN,0.3674157303370786,534.8
23_18,0.3913987915269635,SALAAN,0.3674157303370786,707.0
23_19,0.3914897368630936,SALAAN,0.3674157303370786,743.6
23_20,0.39198722005284864,SALAAN,0.3674157303370786,788.75
23_21,0.3912464084014183,TOLOSA,0.4410480349344978,1470.0
23_22,0.3918775545451214,TOLOSA,0.4410480349344978,1156.0
23_23,0.3935821904966695,TOLOSA,0.4410480349344978,1688.0
23_24,0.3870864118608357,TOLOSA,0.4410480349344978,1688.0
23_25,0.38302536800879444,TOLOSA,0.4410480349344978,1688.0
23_31,0.35144555802883126,BUNGUIAO,0.3077301821762678,314.0
23_32,0.331750582350255,BUNGUIAO,0.3077301821762678,938.6666666666666
23_33,0.3309933471542032,BUNGUIAO,0.3077301821762678,611.0
23_4,0.26556051410548237,TALON TALON,0.2741459299873471,4742.0
23_5,0.24929505640199962,TALON TALON,0.2741459299873471,4742.0
23_6,0.22710576399008384,TUGBUNGAN,0.2220946256316031,4426.75
23_7,0.22956596204129456,PUTIK,0.1457925636007827,3548.2
23_8,0.20406915044834426,DIVISORIA,0.1981735159817351,1366.142857142857
23_9,0.19401673506541034,DIVISORIA,0.1981735159817351,1409.125
24_10,0.19325999472611075,BOALAN,0.1598295151838039,1779.25
24_11,0.21697725104920768,BOALAN,0.1598295151838039,1640.75
24_12,0.24242020565423178,BOALAN,0.1598295151838039,1590.5
24_13,0.26840982302931554,SALAAN,0.3674157303370786,1087.75
24_14,0.30521767915263165,SALAAN,0.3674157303370786,830.8
24_15,0.3025776650031303,SALAAN,0.3674157303370786,801.2
24_16,0.29551789191046274,TOLOSA,0.4410480349344978,668.0
24_17,0.37305913552205,TOLOSA,0.4410480349344978,763.1428571428571
24_18,0.39412143155066726,TOLOSA,0.4410480349344978,837.7142857142857
24_19,0.3944390472638485,TOLOSA,0.4410480349344978,890.0
24_20,0.39434161483026914,TOLOSA,0.4410480349344978,811.5714285714286
24_21,0.39277393346950346,TOLOSA,0.4410480349344978,849.7692307692307
24_22,0.39202487551389364,TOLOSA,0.4410480349344978,890.0
24_23,0.3940651987203862,TOLOSA,0.4410480349344978,1688.0
24_24,0.38862389375398987,TOLOSA,0.4410480349344978,1688.0
24_25,0.36923778139411784,TOLOSA,0.4410480349344978,1688.0
24_26,0.39097157111970704,TOLOSA,0.4410480349344978,2422.5
24_27,0.38839956312520574,TOLOSA,0.4410480349344978,3157.0
24_28,0.38132916727088617,TOLOSA,0.4410480349344978,2468.2
24_29,0.374889435747757,BUNGUIAO,0.3077301821762678,1435.0
24_30,0.36422583645981,BUNGUIAO,0.3077301821762678,1435.0
24_31,0.35581307053194844,BUNGUIAO,0.3077301821762678,314.0
24_32,0.3465724139801702,BUNGUIAO,0.3077301821762678,611.0
24_33,0.3309354208558748,BUNGUIAO,0.3077301821762678,611.0
24_34,0.3460411108617565,BUNGUIAO,0.3077301821762678,429.0
24_4,0.2617798282220903,TALON TALON,0.2741459299873471,4742.0
24_5,0.25339532261924863,TALON TALON,0.2741459299873471,4798.4375
24_6,0.24349689389170942,TALON TALON,0.2741459299873471,4982.8
24_7,0.24442359699089775,DIVISORIA,0.1981735159817351,2203.0
24_8,0.21707146582015804,BOALAN,0.1598295151838039,1616.3333333333333
24_9,0.19539059053285016,BOALAN,0.1598295151838039,1772.7333333333333
25_10,0.23680978487898993,BOALAN,0.1598295151838039,1830.1875
25_11,0.24057845427969304,BOALAN,0.1598295151838039,1568.5625
25_12,0.2435550141351487,SALAAN,0.3674157303370786,1482.2
25_13,0.24585328121219477,PASOBOLONG,0.2696629213483146,947.3333333333334
25_14,0.27697764787604134,LANZONES,0.2844036697247706,858.25
25_15,0.2998021543731664,LANZONES,0.2844036697247706,856.1333333333333
25_16,0.2923742004840856,LANZONES,0.2844036697247706,864.6923076923077
25_17,0.3353712354785622,TOLOSA,0.4410480349344978,901.1428571428571
25_18,0.3831597067778854,TOLOSA,0.4410480349344978,890.0
25_19,0.3932346255656386,TOLOSA,0.4410480349344978,892.0
25_20,0.39385046742572083,TOLOSA,0.4410480349344978,893.25
25_21,0.39270633343957523,TOLOSA,0.4410480349344978,901.1428571428571
25_22,0.39130901887562497,TOLOSA,0.4410480349344978,902.1333333333333
25_23,0.3926852338412524,TOLOSA,0.4410480349344978,1688.0
25_24,0.38799790668441025,TOLOSA,0.4410480349344978,1688.0
25_25,0.3698491667041163,TOLOSA,0.4410480349344978,1688.0
25_26,0.366477002963019,TOLOSA,0.4410480349344978,1688.0
25_27,0.34218303263682487,TOLOSA,0.4410480349344978,2984.8
25_28,0.34306445578055517,BUNGUIAO,0.3077301821762678,1435.0
25_29,0.37294710675097503,BUNGUIAO,0.3077301821762678,1435.0
25_30,0.3636781494111739,BUNGUIAO,0.3077301821762678,1435.0
25_31,0.3554631115905966,BUNGUIAO,0.3077301821762678,363.5
25_34,0.34561388835374485,DULIAN,0.237037037037037,465.4
25_35,0.34234557088457607,DULIAN,0.237037037037037,797.5
25_4,0.26131366810175655,TALON TALON,0.2741459299873471,4742.0
25_5,0.2546730456264341,MAMPANG,0.2464127546501328,5387.0
25_6,0.24844969852236848,MAMPANG,0.2464127546501328,5645.0
25_7,0.24981355369388966,ZAMBOWOOD,0.2457627118644068,3934.6666666666665
25_8,0.25389897697775987,BOALAN,0.1598295151838039,1739.2666666666667
25_9,0.23935960920777874,BOALAN,0.1598295151838039,1843.5625
26_10,0.24719627676077993,MERCEDES,0.2830533235938641,2321.1875
26_11,0.2462701364608909,PASOBOLONG,0.2696629213483146,1939.75
26_12,0.24452107228722098,PASOBOLONG,0.2696629213483146,979.5625
26_13,0.24384518893776885,LANZONES,0.2844036697247706,921.9375
26_14,0.24905761004938695,LANZONES,0.2844036697247706,806.75
26_15,0.2771461503225977,LANZONES,0.2844036697247706,763.0
26_16,0.2918410704120885,LANZONES,0.2844036697247706,773.5833333333334
26_17,0.29801150427559014,LANZONES,0.2844036697247706,839.5
26_18,0.2995553555033656,CACAO,0.2258064516129032,913.1111111111111
26_19,0.29723540199843657,CACAO,0.2258064516129032,916.0
26_20,0.37634486116085997,TOLOSA,0.4410480349344978,916.0
26_21,0.3898190100782049,TOLOSA,0.4410480349344978,912.2857142857143
26_22,0.3903418986344398,TOLOSA,0.4410480349344978,916.0
26_23,0.3902822430721486,TOLOSA,0.4410480349344978,1688.0
26_24,0.3843187236184323,TOLOSA,0.4410480349344978,1136.5714285714287
26_25,0.3404613137782791,BUNGUIAO,0.3077301821762678,1688.0
26_26,0.3253297500164026,BUNGUIAO,0.3077301821762678,1688.0
26_27,0.32055412331898525,BUNGUIAO,0.3077301821762678,1688.0
26_28,0.3268487881651775,BUNGUIAO,0.3077301821762678,1641.75
26_29,0.34068254020280914,BUNGUIAO,0.3077301821762678,1435.0
26_30,0.32771374898906647,BUNGUIAO,0.3077301821762678,1435.0
26_32,0.31499658699727273,BUNGUIAO,0.3077301821762678,611.0
26_34,0.3179318166861899,DULIAN,0.237037037037037,429.0
26_35,0.31724666471707974,DULIAN,0.237037037037037,984.0
26_5,0.25094491743331254,MAMPANG,0.2464127546501328,5645.0
26_6,0.24958238132506158,MAMPANG,0.2464127546501328,5645.0
26_7,0.25259521908646815,MAMPANG,0.2464127546501328,5402.75
26_8,0.2518088740068436,ZAMBOWOOD,0.2457627118644068,1770.0
26_9,0.24836310015777455,ZAMBOWOOD,0.2457627118644068,1891.0
27_10,0.24928825006003336,MERCEDES,0.2830533235938641,2556.5
27_11,0.24785762903518235,MERCEDES,0.2830533235938641,2738.0
27_12,0.24411743912018777,CULIANAN,0.1961077844311377,1168.75
27_13,0.2443496620902876,CULIANAN,0.1961077844311377,1117.0625
27_14,0.2503638508093518,CULIANAN,0.1961077844311377,1049.5
27_15,0.2560705022678933,LANZONES,0.2844036697247706,844.8571428571429
27_16,0.2910500227744391,GUISAO,0.2106870229007633,763.0
27_17,0.29573143003677066,CACAO,0.2258064516129032,763.0
27_18,0.2959095443919638,CACAO,0.2258064516129032,916.0
27_19,0.29663488455111725,CACAO,0.2258064516129032,916.0
27_20,0.3161679228816604,TOLOSA,0.4410480349344978,916.0
27_21,0.3763828306721253,TOLOSA,0.4410480349344978,916.0
27_22,0.3889164796278799,LAPAKAN,0.3064516129032258,916.0
27_23,0.3881370558440139,TOLOSA,0.4410480349344978,912.2857142857143
27_24,0.38704908945927124,LAMISAHAN,0.3710407239819004,916.0
27_25,0.37309882977383163,BUNGUIAO,0.3077301821762678,1688.0
27_26,0.31713448919642473,BUNGUIAO,0.3077301821762678,1688.0
27_27,0.3177704446496789,BUNGUIAO,0.3077301821762678,1559.3333333333333
27_28,0.3192974896232811,BUNGUIAO,0.3077301821762678,1357.142857142857
27_29,0.3187073834986796,BUNGUIAO,0.3077301821762678,1561.5
27_30,0.313109169200646,BUNGUIAO,0.3077301821762678,1435.0
27_31,0.3120779970522604,BUNGUIAO,0.3077301821762678,314.0
27_32,0.31583149932378674,BUNGUIAO,0.3077301821762678,611.0
27_34,0.314457780937941,DULIAN,0.237037037037037,429.0
27_35,0.31928842869261514,DULIAN,0.237037037037037,551.8333333333334
27_42,0.4035744422828089,CURUAN,0.3965875988347898,1823.0
27_43,0.40413929216890265,CURUAN,0.3965875988347898,1659.0
27_44,0.40465362436171376,CURUAN,0.3965875988347898,675.0
27_45,0.4048799679330073,CURUAN,0.3965875988347898,675.0
27_5,0.24938697360008097,MAMPANG,0.2464127546501328,5645.0
27_6,0.266247669136371,MAMPANG,0.2464127546501328,5486.466666666666
27_7,0.2801356949686386,MAMPANG,0.2464127546501328,5645.0
27_8,0.251928805741281,MERCEDES,0.2830533235938641,2738.0
27_9,0.24922405691062643,MERCEDES,0.2830533235938641,2556.5
28_10,0.2630982423218039,MERCEDES,0.2830533235938641,2524.0
28_11,0.26335476767218124,MERCEDES,0.2830533235938641,2738.0
28_12,0.25345580024696496,CULIANAN,0.1961077844311377,1709.8666666666666
28_13,0.25260026868287566,CULIANAN,0.1961077844311377,1336.0
28_14,0.2536483005814393,GUISAO,0.2106870229007633,1208.3125
28_15,0.25122305324722455,GUISAO,0.2106870229007633,780.625
28_16,0.27743926104626826,GUISAO,0.2106870229007633,712.6
28_17,0.2947910265254212,CACAO,0.2258064516129032,643.4444444444445
28_18,0.29642058913103464,CACAO,0.2258064516129032,448.8666666666667
28_19,0.29866750445921597,LAPAKAN,0.3064516129032258,363.93333333333334
28_20,0.298581046870049,LAPAKAN,0.3064516129032258,788.6
28_21,0.3184959139523333,LAPAKAN,0.3064516129032258,879.7333333333333
28_22,0.3828063761755549,LAMISAHAN,0.3710407239819004,916.0
28_23,0.3866959163723003,LAMISAHAN,0.3710407239819004,916.0
28_24,0.3872033535946978,LAMISAHAN,0.3710407239819004,916.0
28_25,0.38008605107409305,BUNGUIAO,0.3077301821762678,1688.0
28_26,0.33802293688072027,BUNGUIAO,0.3077301821762678,1688.0
28_27,0.32746094905628725,BUNGUIAO,0.3077301821762678,916.0
28_28,0.32535594161741466,BUNGUIAO,0.3077301821762678,1055.375
28_29,0.31498340674293396,BUNGUIAO,0.3077301821762678,1688.0
28_30,0.31198388337587185,BUNGUIAO,0.3077301821762678,1435.0
28_32,0.3116800670789257,DULIAN,0.237037037037037,611.0
28_33,0.3123226711636969,DULIAN,0.237037037037037,611.0
28_34,0.3129393942024856,DULIAN,0.237037037037037,429.0
28_35,0.3219653121142327,CURUAN,0.3965875988347898,429.0
28_36,0.3383115496128449,CURUAN,0.3965875988347898,984.0
28_37,0.390539343067388,CURUAN,0.3965875988347898,984.0
28_38,0.3910704492244074,CURUAN,0.3965875988347898,984.0
28_39,0.4051296315690694,CURUAN,0.3965875988347898,2403.0
28_40,0.4029828419936076,CURUAN,0.3965875988347898,2403.0
28_41,0.4041219760430936,CURUAN,0.3965875988347898,1823.0
28_42,0.40479861132725586,CURUAN,0.3965875988347898,1823.0
28_43,0.40460408398967806,CURUAN,0.3965875988347898,1823.0
28_44,0.40471239637792394,CURUAN,0.3965875988347898,1478.6
28_45,0.4049477895971247,CURUAN,0.3965875988347898,716.0
28_5,0.25320777800078,MAMPANG,0.2464127546501328,5645.0
28_6,0.41676949379540357,ARENA BLANCO,0.5243342516069789,3632.846153846154
28_7,0.2946200290036033,MERCEDES,0.2830533235938641,3464.75
28_8,0.2554156967973137,MERCEDES,0.2830533235938641,2738.0
28_9,0.26005230595440243,MERCEDES,0.2830533235938641,2738.0
29_10,0.3107205993693999,TALABAAN,0.3592233009708738,1534.25
29_11,0.30280666690573055,MERCEDES,0.2830533235938641,2623.3571428571427
29_12,0.2886278560182024,MERCEDES,0.2830533235938641,1896.8
29_13,0.2789141878649548,CULIANAN,0.1961077844311377,1330.3333333333333
29_14,0.26425623961305156,GUISAO,0.2106870229007633,1160.1333333333334
29_15,0.25799774969071776,CABALUAY,0.2709832134292566,655.0
29_16,0.26392742288742216,CACAO,0.2258064516129032,539.3076923076923
29_17,0.2918429271505017,CACAO,0.2258064516129032,413.2857142857143
29_18,0.29688665679548004,LAPAKAN,0.3064516129032258,298.92857142857144
29_19,0.2984247663070408,LAPAKAN,0.3064516129032258,328.6
29_20,0.2981227630614098,LAPAKAN,0.3064516129032258,552.9090909090909
29_21,0.30743244006359094,LAPAKAN,0.3064516129032258,644.0
29_22,0.35164901882001093,LAMISAHAN,0.3710407239819004,462.6666666666667
29_23,0.3748736491882704,LAMISAHAN,0.3710407239819004,691.0
29_24,0.38165636841620915,LAMISAHAN,0.3710407239819004,916.0
29_25,0.3837199638271858,BUNGUIAO,0.3077301821762678,916.0
29_26,0.3634496323600228,BUNGUIAO,0.3077301821762678,1495.0
29_27,0.3308893917303863,BUNGUIAO,0.3077301821762678,916.0
29_28,0.3223378333610076,BUNGUIAO,0.3077301821762678,1712.4285714285713
29_29,0.3211215939030318,DULIAN,0.237037037037037,1712.4285714285713
29_30,0.3120781939741535,DULIAN,0.237037037037037,1708.0
29_31,0.3115038190055773,DULIAN,0.237037037037037,1270.4
29_32,0.3115076305580244,DULIAN,0.237037037037037,1493.1052631578948
29_33,0.31164524650891634,DULIAN,0.237037037037037,611.0
29_35,0.3242554219352363,CURUAN,0.3965875988347898,429.38461538461536
29_36,0.33814195739540753,CURUAN,0.3965875988347898,984.0
29_37,0.3667643022867372,CURUAN,0.3965875988347898,984.0
29_38,0.39116485871801143,CURUAN,0.3965875988347898,984.0
29_39,0.40120830028649235,CURUAN,0.3965875988347898,2403.0
29_40,0.4028547085006622,CURUAN,0.3965875988347898,2135.3076923076924
29_41,0.40335772317087787,CURUAN,0.3965875988347898,1939.0
29_42,0.405089804439431,CURUAN,0.3965875988347898,1823.0
29_43,0.4039268203057311,CURUAN,0.3965875988347898,1823.0
29_44,0.40534517301897544,CURUAN,0.3965875988347898,1823.0
29_8,0.267018112049742,MERCEDES,0.2830533235938641,2738.0
29_9,0.30024679119136294,TALABAAN,0.3592233009708738,1626.8461538461538
2_14,0.20157929689786297,TALISAYAN,0.1743630573248407,428.0
2_15,0.20695631928208805,TALISAYAN,0.1743630573248407,439.0
2_16,0.22072263756528035,SINUBUNG,0.3625170998632011,1251.0
2_17,0.301203653781233,SINUBUNG,0.3625170998632011,1780.142857142857
2_18,0.3534406685404064,SINUBUNG,0.3625170998632011,2177.0
2_19,0.3837384236353262,PATALON,0.3963328631875881,2177.0
2_20,0.39298175018636156,PATALON,0.3963328631875881,1960.857142857143
2_21,0.3963990981693084,PATALON,0.3963328631875881,1186.5
2_22,0.39435126716828056,PATALON,0.3963328631875881,664.0
2_23,0.389049386461987,PATALON,0.3963328631875881,2127.0
2_24,0.3840253614177933,LABUAN,0.3763066202090592,2421.285714285714
2_25,0.3806432562496305,LABUAN,0.3763066202090592,5103.0
2_26,0.3822825504777895,LABUAN,0.3763066202090592,1594.0
2_27,0.3899417514723204,LABUAN,0.3763066202090592,2636.0
2_28,0.40655453482903015,LABUAN,0.3763066202090592,1594.0
2_29,0.44149359038367175,LIMPAPA,0.4592334494773519,1594.0
2_30,0.4426586517142814,LIMPAPA,0.4592334494773519,983.7
2_31,0.44731656712313883,LIMPAPA,0.4592334494773519,611.0
30_10,0.3487870593337254,TALABAAN,0.3592233009708738,1133.0
30_11,0.34876463787208556,TALABAAN,0.3592233009708738,1820.857142857143
30_12,0.3233057258406573,TALABAAN,0.3592233009708738,1997.2307692307693
30_13,0.30391064283331176,CABALUAY,0.2709832134292566,1349.25
30_14,0.29385836808184534,CABALUAY,0.2709832134292566,1266.9375
30_15,0.2703499762967873,CABALUAY,0.2709832134292566,1139.25
30_16,0.27217327578498524,CACAO,0.2258064516129032,937.4
30_17,0.299086511351424,LAPAKAN,0.3064516129032258,290.625
30_18,0.30639552166362616,LAPAKAN,0.3064516129032258,325.5
30_19,0.2988787180300955,LAPAKAN,0.3064516129032258,358.7142857142857
30_20,0.29778111011237945,VICTORIA,0.2243975903614457,361.6666666666667
30_21,0.3128129848251196,LAPAKAN,0.3064516129032258,372.0
30_22,0.3153825501559447,LAMISAHAN,0.3710407239819004,622.2222222222222
30_23,0.3174454712393011,LAMISAHAN,0.3710407239819004,663.0
30_24,0.3301961878365257,LAMISAHAN,0.3710407239819004,865.4
30_25,0.3513778009167417,BUNGUIAO,0.3077301821762678,916.0
30_26,0.32561023325493976,BUNGUIAO,0.3077301821762678,1017.3636363636364
30_27,0.315865838945255,BUNGUIAO,0.3077301821762678,1602.1538461538462
30_28,0.3206346006203258,BUNGUIAO,0.3077301821762678,2031.0
30_29,0.31234077808586747,DULIAN,0.237037037037037,1945.2307692307693
30_30,0.31108387285660105,DULIAN,0.237037037037037,1824.3333333333333
30_31,0.31208320507051096,DULIAN,0.237037037037037,1487.0666666666666
30_32,0.3114976349689025,DULIAN,0.237037037037037,1231.25
30_33,0.3112996604547759,DULIAN,0.237037037037037,501.8
30_34,0.3112464665274783,DULIAN,0.237037037037037,696.0
30_35,0.3187650588754561,CURUAN,0.3965875988347898,431.5
30_36,0.341962351963436,CURUAN,0.3965875988347898,845.25
30_37,0.3734660761601893,CURUAN,0.3965875988347898,984.0
30_38,0.39096119493000525,CURUAN,0.3965875988347898,1267.8
30_39,0.40280482876157464,CURUAN,0.3965875988347898,2403.0
30_40,0.4041247293825663,CURUAN,0.3965875988347898,2258.0
30_41,0.4054361949652261,CURUAN,0.3965875988347898,1823.0
30_42,0.39995857775941984,CURUAN,0.3965875988347898,1823.0
30_43,0.3993034884301861,CURUAN,0.3965875988347898,1823.0
30_53,0.40614734734084834,SIBULAO,0.4231499051233396,359.0
30_54,0.40521026718820363,SIBULAO,0.4231499051233396,359.0
30_56,0.3945761471875589,SIBULAO,0.4231499051233396,1371.0
30_9,0.3538934672489792,TALABAAN,0.3592233009708738,1454.0
31_10,0.4060263135583647,TALABAAN,0.3592233009708738,1531.5
31_11,0.38872896336710244,TALABAAN,0.3592233009708738,1133.0
31_12,0.32205557047963485,TALABAAN,0.3592233009708738,1133.0
31_13,0.31270946109900266,CABALUAY,0.2709832134292566,1218.8181818181818
31_14,0.2916643827940603,CABALUAY,0.2709832134292566,1251.0
31_15,0.2686361825795447,CABALUAY,0.2709832134292566,1251.0
31_16,0.2683637826422665,CABALUAY,0.2709832134292566,1170.0
31_17,0.31189545768597,MANICAHAN,0.337620578778135,918.5
31_18,0.3186461265712687,MANICAHAN,0.337620578778135,591.8125
31_19,0.31295584222740425,MANICAHAN,0.337620578778135,710.4375
31_20,0.2936628059755218,VICTORIA,0.2243975903614457,430.4
31_21,0.30360036897746184,LAMISAHAN,0.3710407239819004,372.0
31_22,0.31540190504651927,LAMISAHAN,0.3710407239819004,585.4
31_23,0.3222338646320108,LAMISAHAN,0.3710407239819004,663.0
31_24,0.3144380018522047,SANGALI,0.3633156966490299,682.4615384615385
31_25,0.31426674665143206,BUNGUIAO,0.3077301821762678,916.0
31_26,0.3133130593135468,BUNGUIAO,0.3077301821762678,2031.0
31_27,0.3124739395465802,BUNGUIAO,0.3077301821762678,2031.0
31_28,0.3117773561179775,BUNGUIAO,0.3077301821762678,2031.0
31_29,0.30438269332038076,DULIAN,0.237037037037037,1831.0625
31_30,0.3045252056014367,DULIAN,0.237037037037037,486.53125
31_31,0.30833237720421547,DULIAN,0.237037037037037,431.5
31_32,0.3091245041545783,DULIAN,0.237037037037037,431.5
31_33,0.3146758438351969,DULIAN,0.237037037037037,1249.2
31_34,0.30986272933734654,DULIAN,0.237037037037037,431.5
31_35,0.31477820050217126,CURUAN,0.3965875988347898,924.375
31_36,0.33981215204605425,CURUAN,0.3965875988347898,429.0
31_37,0.37210398641013676,CURUAN,0.3965875988347898,984.0
31_38,0.39440064843669725,CURUAN,0.3965875988347898,984.0
31_39,0.4046911127818502,CURUAN,0.3965875988347898,2403.0
31_40,0.4055018330257192,CURUAN,0.3965875988347898,1823.0
31_41,0.4039231142316191,CURUAN,0.3965875988347898,1823.0
31_42,0.40498058630360073,CURUAN,0.3965875988347898,1823.0
31_43,0.4071800275444736,CURUAN,0.3965875988347898,1823.0
31_53,0.40563324855930427,SIBULAO,0.4231499051233396,359.0
31_54,0.40564448467594594,SIBULAO,0.4231499051233396,359.0
31_55,0.40554136602565016,SIBULAO,0.4231499051233396,934.0
31_56,0.40773360542646697,SIBULAO,0.4231499051233396,1612.8
31_57,0.37452987878747357,VITALI,0.351937984496124,934.0
31_61,0.35046820498899206,VITALI,0.351937984496124,2018.0
32_14,0.2932739850705858,CABALUAY,0.2709832134292566,1251.0
32_15,0.2816240729045655,CABALUAY,0.2709832134292566,1251.0
32_16,0.29490805121317337,MANICAHAN,0.337620578778135,1328.1666666666667
32_17,0.3232640069799346,MANICAHAN,0.337620578778135,2003.375
32_18,0.32492900514813844,MANICAHAN,0.337620578778135,1661.2857142857142
32_19,0.31895396937737375,MANICAHAN,0.337620578778135,1816.0
32_20,0.2898735407315848,VICTORIA,0.2243975903614457,664.0
32_21,0.2767406892887932,LAMISAHAN,0.3710407239819004,517.625
32_22,0.3182021377338283,LAMISAHAN,0.3710407239819004,663.0
32_23,0.3596849778213654,SANGALI,0.3633156966490299,663.0
32_24,0.3484250526981114,SANGALI,0.3633156966490299,663.0
32_25,0.3217478311550515,BUNGUIAO,0.3077301821762678,1585.0
32_26,0.31420174811364,BUNGUIAO,0.3077301821762678,2031.0
32_27,0.3138255266076276,BUNGUIAO,0.3077301821762678,2031.0
32_28,0.3141576205026756,BUNGUIAO,0.3077301821762678,2031.0
32_29,0.3084001002456312,DULIAN,0.237037037037037,684.0526315789474
32_30,0.306292070001175,DULIAN,0.237037037037037,431.5
32_31,0.30662383892294576,DULIAN,0.237037037037037,431.5
32_32,0.31569587680967526,DULIAN,0.237037037037037,431.5
32_33,0.34087529752873924,DULIAN,0.237037037037037,431.5
32_34,0.30360674688263933,QUINIPUT,0.2469512195121951,416.8181818181818
32_35,0.3047794109241716,QUINIPUT,0.2469512195121951,1417.25
32_36,0.33056112196174053,CURUAN,0.3965875988347898,1810.8
32_37,0.3717956212923888,CURUAN,0.3965875988347898,933.5454545454545
32_38,0.40258084263108856,CURUAN,0.3965875988347898,1896.2142857142858
32_39,0.40555204617214385,CURUAN,0.3965875988347898,2345.0
32_40,0.4052332255377502,CURUAN,0.3965875988347898,2016.3333333333333
32_41,0.4061603195188798,LATUAN,0.4610027855153203,1823.0
32_42,0.4085166921732694,CURUAN,0.3965875988347898,1823.0
32_43,0.409523226528361,LATUAN,0.4610027855153203,1823.0
32_44,0.4098691346482671,LATUAN,0.4610027855153203,1823.0
32_45,0.40946872559435965,CALABASA,0.4029629629629629,1290.0
32_52,0.4057214961295267,SIBULAO,0.4231499051233396,518.0
32_53,0.4055706105383501,SIBULAO,0.4231499051233396,612.0
32_54,0.4055522534429815,SIBULAO,0.4231499051233396,1371.0
32_56,0.40880319265795645,SIBULAO,0.4231499051233396,1371.0
32_57,0.3735425050588933,VITALI,0.351937984496124,934.0
32_58,0.37368898677836104,VITALI,0.351937984496124,934.0
32_59,0.35973291574322735,VITALI,0.351937984496124,767.3333333333334
32_62,0.35042022944731077,VITALI,0.351937984496124,2580.0
32_63,0.34975096021188046,VITALI,0.351937984496124,894.0
33_16,0.32425957461197896,MANICAHAN,0.337620578778135,1251.0
33_17,0.3271326804218583,MANICAHAN,0.337620578778135,2177.0
33_18,0.3262445091187563,MANICAHAN,0.337620578778135,2177.0
33_19,0.3214563095574286,MANICAHAN,0.337620578778135,2177.0
33_20,0.2833953580330436,VICTORIA,0.2243975903614457,1269.2
33_21,0.2457157866795408,VICTORIA,0.2243975903614457,663.8571428571429
33_22,0.3138203476896076,SANGALI,0.3633156966490299,663.0
33_23,0.35879696698169167,SANGALI,0.3633156966490299,1551.0
33_24,0.35926396587233206,SANGALI,0.3633156966490299,3736.846153846154
33_25,0.3459746803415759,BUNGUIAO,0.3077301821762678,3055.0
33_26,0.3125758816869607,BUNGUIAO,0.3077301821762678,2031.0
33_27,0.3165068864179102,BUNGUIAO,0.3077301821762678,2031.0
33_28,0.31681714203130146,BUNGUIAO,0.3077301821762678,2031.0
33_29,0.31281513968769337,BUNGUIAO,0.3077301821762678,1071.3
33_30,0.31044577524196726,DULIAN,0.237037037037037,431.5
33_31,0.3083137949393126,DULIAN,0.237037037037037,431.5
33_32,0.34071463498344867,DULIAN,0.237037037037037,431.5
33_33,0.34939535011240275,DULIAN,0.237037037037037,424.4782608695652
33_34,0.32714349339988136,QUINIPUT,0.2469512195121951,431.5
33_35,0.30736126591052104,QUINIPUT,0.2469512195121951,1220.1
33_36,0.31785396627570217,CURUAN,0.3965875988347898,2403.0
33_37,0.3575960249160406,CURUAN,0.3965875988347898,1947.4615384615386
33_38,0.3814288992660773,CURUAN,0.3965875988347898,2403.0
33_39,0.3923137778768846,CURUAN,0.3965875988347898,2403.0
33_40,0.4055280946759141,LATUAN,0.4610027855153203,2403.0
33_41,0.4073790644908275,LATUAN,0.4610027855153203,1997.0
33_42,0.4085244455151258,LATUAN,0.4610027855153203,2016.3333333333333
33_43,0.4095779751742777,CALABASA,0.4029629629629629,1823.0
33_44,0.4096693298798124,CALABASA,0.4029629629629629,1704.5555555555557
33_45,0.40917958103901747,CALABASA,0.4029629629629629,909.2857142857143
33_46,0.4085802261511102,CALABASA,0.4029629629629629,685.25
33_47,0.4022460160412304,CALABASA,0.4029629629629629,757.0
33_51,0.40801881154632846,SIBULAO,0.4231499051233396,889.0
33_52,0.4056526852993105,SIBULAO,0.4231499051233396,399.7692307692308
33_53,0.40551040373174363,SIBULAO,0.4231499051233396,934.0
33_54,0.4054572070572712,SIBULAO,0.4231499051233396,1146.111111111111
33_56,0.39688918367212456,VITALI,0.351937984496124,1043.25
33_57,0.37411779996534306,VITALI,0.351937984496124,934.0
33_60,0.35713154351270904,VITALI,0.351937984496124,894.0
33_61,0.35165692550220595,VITALI,0.351937984496124,2580.0
33_62,0.3524461871598149,VITALI,0.351937984496124,1643.3333333333333
33_63,0.35116407386206183,VITALI,0.351937984496124,894.0
34_10,0.40361196310410574,LANDANG LAUM,0.4672897196261682,1930.0
34_11,0.40443180140248214,LANDANG LAUM,0.4672897196261682,1133.0
34_19,0.31874543906130065,VICTORIA,0.2243975903614457,2177.0
34_22,0.3252749018593776,SANGALI,0.3633156966490299,663.0
34_23,0.3432225946834678,SANGALI,0.3633156966490299,3623.0
34_24,0.3562214316512861,SANGALI,0.3633156966490299,5103.0
34_25,0.3496700037449869,BUNGUIAO,0.3077301821762678,4488.6
34_26,0.3239714839685116,BUNGUIAO,0.3077301821762678,2031.0
34_27,0.33016336710072386,BUNGUIAO,0.3077301821762678,2031.0
34_28,0.33296581955071836,BUNGUIAO,0.3077301821762678,2031.0
34_29,0.3304009503784773,BUNGUIAO,0.3077301821762678,431.5
34_30,0.3282828811404791,BOLONG,0.3707653701380176,431.5
34_31,0.3662563113697439,LUBIGAN,0.4746317512274959,463.8
34_32,0.38347499250790096,DULIAN,0.237037037037037,431.5
34_33,0.39077844078987095,LUBIGAN,0.4746317512274959,446.1818181818182
34_34,0.36220498613631397,QUINIPUT,0.2469512195121951,454.57142857142856
34_35,0.31564568087388234,QUINIPUT,0.2469512195121951,722.3846153846154
34_36,0.3175520534967768,QUINIPUT,0.2469512195121951,2403.0
34_37,0.36860819794763605,CURUAN,0.3965875988347898,2403.0
34_38,0.3881256836477706,CURUAN,0.3965875988347898,2403.0
34_39,0.394688355821927,CURUAN,0.3965875988347898,2403.0
34_40,0.4044063956887664,LATUAN,0.4610027855153203,2403.0
34_41,0.4068992161159614,LATUAN,0.4610027855153203,2143.769230769231
34_42,0.40754778386672796,CALABASA,0.4029629629629629,2403.0
34_43,0.40910070765335227,CALABASA,0.4029629629629629,2171.0
34_44,0.408382703737788,CALABASA,0.4029629629629629,1979.75
34_45,0.40861313436134306,CALABASA,0.4029629629629629,1751.7272727272727
34_46,0.40425084552462726,CALABASA,0.4029629629629629,757.0
34_47,0.3993325645069092,CALABASA,0.4029629629629629,675.0
34_50,0.4047084008887056,SIBULAO,0.4231499051233396,889.0
34_51,0.4068363240782343,SIBULAO,0.4231499051233396,830.1111111111111
34_52,0.4042054839399825,SIBULAO,0.4231499051233396,358.84615384615387
34_53,0.4039141447741191,SIBULAO,0.4231499051233396,934.0
34_54,0.40439554859160665,SIBULAO,0.4231499051233396,1371.0
34_55,0.40378840731739657,SIBULAO,0.4231499051233396,934.0
34_58,0.3596227881811138,VITALI,0.351937984496124,934.0
34_59,0.3597651456603262,VITALI,0.351937984496124,746.5
34_60,0.3587594537426573,VITALI,0.351937984496124,934.0
34_61,0.3606504691042678,VITALI,0.351937984496124,2580.0
34_62,0.36063303969371574,VITALI,0.351937984496124,894.0
34_63,0.36063400941580864,VITALI,0.351937984496124,1058.6666666666667
34_64,0.3595685406325466,VITALI,0.351937984496124,1388.0
35_12,0.40388512748939137,LANDANG LAUM,0.4672897196261682,1133.0
35_24,0.35827885595754666,SANGALI,0.3633156966490299,5103.0
35_25,0.3605947816134345,SANGALI,0.3633156966490299,4527.0
35_26,0.35207927851599946,BUNGUIAO,0.3077301821762678,2031.0
35_27,0.331577411009434,BOLONG,0.3707653701380176,2031.0
35_28,0.33449421117979916,BOLONG,0.3707653701380176,2031.0
35_29,0.3374146629617575,BOLONG,0.3707653701380176,1292.7692307692307
35_30,0.3370146921144885,BOLONG,0.3707653701380176,431.5
35_31,0.3631146933844729,LUBIGAN,0.4746317512274959,408.42857142857144
35_32,0.40228787447281356,LUBIGAN,0.4746317512274959,431.5
35_33,0.4025278412224604,LUBIGAN,0.4746317512274959,472.9230769230769
35_34,0.3410683345154975,QUINIPUT,0.2469512195121951,691.6
35_35,0.31645360906444175,QUINIPUT,0.2469512195121951,877.1428571428571
35_36,0.3193234207634347,QUINIPUT,0.2469512195121951,2200.285714285714
35_37,0.3273364507387085,CURUAN,0.3965875988347898,2403.0
35_38,0.39377586271018566,CURUAN,0.3965875988347898,2403.0
35_39,0.3997658549066771,CURUAN,0.3965875988347898,2403.0
35_40,0.40048629025115984,LATUAN,0.4610027855153203,2403.0
35_41,0.40604941981620213,LATUAN,0.4610027855153203,1139.25
35_42,0.40682402536957485,CALABASA,0.4029629629629629,2014.1538461538462
35_43,0.4077905422574226,CALABASA,0.4029629629629629,2403.0
35_44,0.4084672086059791,CALABASA,0.4029629629629629,2403.0
35_45,0.4082772976870894,CALABASA,0.4029629629629629,1128.5
35_46,0.4002638169338253,CALABASA,0.4029629629629629,757.0
35_47,0.39589343047861636,CALABASA,0.4029629629629629,757.0
35_48,0.39880059608734114,TAGASILAY,0.327334083239595,691.4
35_49,0.4016359937995103,SIBULAO,0.4231499051233396,889.0
35_50,0.40158165977787874,SIBULAO,0.4231499051233396,684.7692307692307
35_51,0.40491045821476346,SIBULAO,0.4231499051233396,398.84615384615387
35_52,0.403803752021988,SIBULAO,0.4231499051233396,987.3333333333334
35_53,0.4033705221064868,SIBULAO,0.4231499051233396,934.0
35_54,0.4033610915563106,SIBULAO,0.4231499051233396,1371.0
35_55,0.4033610915563106,SIBULAO,0.4231499051233396,934.0
35_56,0.4002691899995927,SIBULAO,0.4231499051233396,934.0
35_57,0.3655527875725211,VITALI,0.351937984496124,934.0
35_58,0.35932866520214085,VITALI,0.351937984496124,934.0
35_59,0.3590846205465253,VITALI,0.351937984496124,755.4285714285714
35_60,0.35909041718520834,VITALI,0.351937984496124,934.0
35_61,0.36121005559582225,VITALI,0.351937984496124,894.0
35_62,0.36012442374177756,VITALI,0.351937984496124,894.0
35_63,0.36068719681563505,VITALI,0.351937984496124,1058.6666666666667
35_64,0.3608151481945683,VITALI,0.351937984496124,1058.6666666666667
35_65,0.3607954920474497,VITALI,0.351937984496124,1388.0
36_10,0.5088009246867335,LANDANG GUA,0.5294855708908407,1930.0
36_12,0.4621923905837788,LANDANG LAUM,0.4672897196261682,1133.0
36_13,0.4431243609220581,LANDANG LAUM,0.4672897196261682,1192.0
36_14,0.4445308552420628,LANDANG LAUM,0.4672897196261682,1251.0
36_25,0.35995075510789065,BOLONG,0.3707653701380176,4196.4
36_26,0.3625658109579808,BOLONG,0.3707653701380176,2031.0
36_27,0.3591430673696373,BOLONG,0.3707653701380176,1939.0
36_28,0.3602501609133291,BOLONG,0.3707653701380176,2031.0
36_29,0.3881312403955666,LUBIGAN,0.4746317512274959,2001.8666666666666
36_30,0.4116899505088727,BOLONG,0.3707653701380176,431.5
36_31,0.4235385917669617,LUBIGAN,0.4746317512274959,431.5
36_32,0.44126828987146455,LUBIGAN,0.4746317512274959,431.5
36_33,0.4347411821029323,LUBIGAN,0.4746317512274959,535.421052631579
36_34,0.40135178188898074,QUINIPUT,0.2469512195121951,744.9285714285714
36_35,0.3486908844085242,QUINIPUT,0.2469512195121951,984.0
36_36,0.3436229219028734,QUINIPUT,0.2469512195121951,1220.5
36_37,0.33436243106102287,QUINIPUT,0.2469512195121951,2403.0
36_38,0.3814700914438798,CURUAN,0.3965875988347898,2403.0
36_39,0.3857899472959533,CURUAN,0.3965875988347898,2403.0
36_40,0.3921428072693742,LATUAN,0.4610027855153203,1808.2941176470588
36_41,0.40936913194825936,CALABASA,0.4029629629629629,718.0
36_42,0.41413561093660595,CALABASA,0.4029629629629629,718.0
36_43,0.41615765509068786,CALABASA,0.4029629629629629,1709.1764705882354
36_44,0.41648199769338995,CALABASA,0.4029629629629629,1333.75
36_45,0.41839714445872506,CALABASA,0.4029629629629629,711.8571428571429
36_46,0.4249984202845489,CALABASA,0.4029629629629629,757.0
36_47,0.405783401941991,CALABASA,0.4029629629629629,757.0
36_48,0.3998741768206674,TAGASILAY,0.327334083239595,781.0
36_49,0.40066060634493267,TAGASILAY,0.327334083239595,889.0
36_50,0.4010936332471247,SIBULAO,0.4231499051233396,358.0
36_51,0.39924433802194614,SIBULAO,0.4231499051233396,590.0
36_52,0.3988237114720525,SIBULAO,0.4231499051233396,1054.0
36_53,0.39721636393179915,SIBULAO,0.4231499051233396,1004.0
36_54,0.4027602320402777,SIBULAO,0.4231499051233396,934.0
36_55,0.3992389104742317,VITALI,0.351937984496124,934.0
36_56,0.38563325302985724,VITALI,0.351937984496124,934.0
36_57,0.37148244321794943,VITALI,0.351937984496124,934.0
36_58,0.38352651330330007,VITALI,0.351937984496124,934.0
36_59,0.365277503879768,VITALI,0.351937984496124,684.0
36_60,0.3652202250698189,VITALI,0.351937984496124,934.0
36_61,0.3671230993083003,VITALI,0.351937984496124,894.0
36_62,0.3661987774335935,VITALI,0.351937984496124,894.0
36_63,0.36595685762327124,VITALI,0.351937984496124,894.0
36_64,0.3596745468526528,VITALI,0.351937984496124,1388.0
37_10,0.5071252288846737,LANDANG GUA,0.5294855708908407,1930.0
37_11,0.48406782664449627,LANDANG LAUM,0.4672897196261682,1930.0
37_12,0.47122454247538625,LANDANG LAUM,0.4672897196261682,780.5
37_13,0.46777089343331585,LANDANG LAUM,0.4672897196261682,1180.2
37_14,0.4663013810215234,LANDANG LAUM,0.4672897196261682,1251.0
37_25,0.361989445078447,BOLONG,0.3707653701380176,5103.0
37_26,0.3637204394832345,BOLONG,0.3707653701380176,1713.1818181818182
37_27,0.36380116206486585,BOLONG,0.3707653701380176,1652.2666666666667
37_28,0.3700097268902839,BOLONG,0.3707653701380176,1713.1818181818182
37_29,0.43700839882755854,LUBIGAN,0.4746317512274959,1630.4166666666667
37_30,0.45358631778124575,PANUBIGAN,0.5254777070063694,2031.0
37_31,0.4492671291148877,LUBIGAN,0.4746317512274959,653.6666666666666
37_32,0.46703253850794135,LUBIGAN,0.4746317512274959,467.4
37_33,0.4729807821575282,DITA,0.4755244755244755,611.0
37_34,0.4718970080247256,DITA,0.4755244755244755,705.4166666666666
37_35,0.44580310296214865,DITA,0.4755244755244755,984.0
37_36,0.43515308203842057,DITA,0.4755244755244755,984.0
37_37,0.37020601931334207,CURUAN,0.3965875988347898,2403.0
37_38,0.36986886013274,CURUAN,0.3965875988347898,2403.0
37_39,0.3693450829356294,BUENAVISTA,0.3455842018650576,2403.0
37_40,0.37013664447754996,BUENAVISTA,0.3455842018650576,958.7142857142857
37_41,0.3737891074205846,CALABASA,0.4029629629629629,718.0
37_42,0.4197353980892113,CALABASA,0.4029629629629629,711.3846153846154
37_43,0.4285769080731327,CALABASA,0.4029629629629629,699.5714285714286
37_44,0.42761636817651844,CALABASA,0.4029629629629629,675.0
37_45,0.42604048331602606,CALABASA,0.4029629629629629,682.1666666666666
37_46,0.42664402428123277,MUTI,0.4861294583883752,757.0
37_47,0.42670865271823594,MUTI,0.4861294583883752,757.0
37_48,0.40257309307835165,TAGASILAY,0.327334083239595,809.8
37_49,0.4005848771322605,TAGASILAY,0.327334083239595,889.0
37_50,0.40010991662316275,SIBULAO,0.4231499051233396,358.0
37_51,0.3886523346338217,SIBULAO,0.4231499051233396,1054.0
37_52,0.3870747205246518,SIBULAO,0.4231499051233396,1054.0
37_53,0.38770003134219017,SIBULAO,0.4231499051233396,1054.0
37_54,0.3887389499216627,SIBULAO,0.4231499051233396,934.0
37_56,0.38588734243993494,VITALI,0.351937984496124,934.0
37_57,0.38750887269257706,VITALI,0.351937984496124,934.0
37_59,0.3849207690028704,VITALI,0.351937984496124,684.0
37_60,0.3845363818034299,VITALI,0.351937984496124,898.2857142857143
37_61,0.3840297543619681,VITALI,0.351937984496124,894.0
37_63,0.38291582863301143,VITALI,0.351937984496124,1141.0
38_11,0.5103544460070644,LANDANG GUA,0.5294855708908407,1930.0
38_12,0.4735220907421549,LANDANG LAUM,0.4672897196261682,428.0
38_13,0.4614926994143057,BUSAY,0.3913824057450628,453.8
38_14,0.43544674775040126,BUSAY,0.3913824057450628,976.6666666666666
38_27,0.3624925196741089,BOLONG,0.3707653701380176,1594.0
38_28,0.36463985620878714,BOLONG,0.3707653701380176,1594.0
38_29,0.45834486263475344,PANUBIGAN,0.5254777070063694,938.6666666666666
38_30,0.46231741919119745,PANUBIGAN,0.5254777070063694,1718.857142857143
38_31,0.44939926463760727,LUBIGAN,0.4746317512274959,1348.25
38_32,0.46887912668826287,DITA,0.4755244755244755,559.7142857142857
38_33,0.47244226576816073,DITA,0.4755244755244755,583.0
38_34,0.46932710658883786,DITA,0.4755244755244755,984.0
38_35,0.45374502990627147,DITA,0.4755244755244755,984.0
38_36,0.4443999484274763,DITA,0.4755244755244755,984.0
38_37,0.37056680763184285,CURUAN,0.3965875988347898,2119.2
38_38,0.36987009467594234,CURUAN,0.3965875988347898,2403.0
38_39,0.3693973260820714,BUENAVISTA,0.3455842018650576,2403.0
38_40,0.370884761356993,BUENAVISTA,0.3455842018650576,718.0
38_41,0.370385591632739,CALABASA,0.4029629629629629,711.8571428571429
38_42,0.3711484448657368,CALABASA,0.4029629629629629,675.0
38_43,0.42240329799561466,CALABASA,0.4029629629629629,675.0
38_44,0.42801956344994424,CALABASA,0.4029629629629629,675.0
38_45,0.42801575524527785,MUTI,0.4861294583883752,689.3333333333334
38_46,0.42934079430260225,MUTI,0.4861294583883752,705.75
38_47,0.42867552733445796,MUTI,0.4861294583883752,757.0
38_48,0.39829699787890577,TAGASILAY,0.327334083239595,757.0
38_49,0.3791835371320266,TAGASILAY,0.327334083239595,535.0
38_50,0.37247772410954055,TAGASILAY,0.327334083239595,1054.0
38_51,0.37094906040817216,TAGASILAY,0.327334083239595,1054.0
38_52,0.385369584894712,SIBULAO,0.4231499051233396,1054.0
38_53,0.38744564527063663,SIBULAO,0.4231499051233396,1054.0
38_54,0.3889745414750882,SIBULAO,0.4231499051233396,934.0
38_55,0.3902055996662613,VITALI,0.351937984496124,934.0
38_56,0.3815985639237168,VITALI,0.351937984496124,934.0
38_57,0.3829971268953865,VITALI,0.351937984496124,822.8888888888889
38_58,0.3823321743817229,VITALI,0.351937984496124,850.6666666666666
38_59,0.38444234760317453,VITALI,0.351937984496124,684.0
38_60,0.38487019318151194,VITALI,0.351937984496124,684.0
38_61,0.3850413860063241,VITALI,0.351937984496124,894.0
38_63,0.38638626436197104,VITALI,0.351937984496124,1388.0
38_66,0.3998026462107265,TICTAPUL,0.3937360178970917,1388.0
39_10,0.5175037818374988,LANDANG GUA,0.5294855708908407,612.5
39_11,0.5113067620696227,LANDANG GUA,0.5294855708908407,551.0
39_12,0.4789822054431829,LANDANG LAUM,0.4672897196261682,428.0
39_13,0.46019034804116,BUSAY,0.3913824057450628,452.1875
39_14,0.4411338437160628,BUSAY,0.3913824057450628,505.4
39_15,0.45919827595882934,BUSAY,0.3913824057450628,1251.0
39_33,0.4721042235890664,DITA,0.4755244755244755,538.2
39_37,0.4081485467941751,CURUAN,0.3965875988347898,1693.5
39_39,0.36730850431485446,BUENAVISTA,0.3455842018650576,2403.0
39_40,0.36708259008113586,BUENAVISTA,0.3455842018650576,718.0
39_41,0.3671108695022497,BUENAVISTA,0.3455842018650576,685.75
39_42,0.3673063933668021,BUENAVISTA,0.3455842018650576,684.2142857142857
39_43,0.39783485792638934,CALABASA,0.4029629629629629,675.0
39_44,0.4307490355455834,MUTI,0.4861294583883752,675.0
39_45,0.43131066663267675,MUTI,0.4861294583883752,675.0
39_46,0.4311199258163938,MUTI,0.4861294583883752,675.0
39_47,0.3716582325774909,TAGASILAY,0.327334083239595,757.0
39_48,0.36342066902748144,TAGASILAY,0.327334083239595,732.7272727272727
39_49,0.36303088353107776,TAGASILAY,0.327334083239595,886.4285714285714
39_50,0.3629088865667689,TAGASILAY,0.327334083239595,1054.0
39_51,0.33124408904820896,TIGBALABAG,0.2506963788300835,1054.0
39_52,0.3595831413068071,TIGBALABAG,0.2506963788300835,1054.0
39_53,0.3878004935306974,SIBULAO,0.4231499051233396,1054.0
39_54,0.3888265875137601,SIBULAO,0.4231499051233396,979.0
39_55,0.3870739390930651,VITALI,0.351937984496124,934.0
39_56,0.38442423446876856,VITALI,0.351937984496124,934.0
39_57,0.3806166168518998,VITALI,0.351937984496124,934.0
39_58,0.38002436250974647,VITALI,0.351937984496124,791.1428571428571
39_59,0.3832860609321971,VITALI,0.351937984496124,684.0
39_60,0.3847951988034984,VITALI,0.351937984496124,684.0
39_62,0.3853592672641195,VITALI,0.351937984496124,894.0
39_68,0.39991013098289957,LICOMO,0.435878962536023,1388.0
3_13,0.21745081661326612,TALISAYAN,0.1743630573248407,677.6666666666666
3_14,0.21402173046783105,TALISAYAN,0.1743630573248407,653.9333333333333
3_15,0.2077991248918314,TALISAYAN,0.1743630573248407,694.3125
3_16,0.21281870331058203,TALISAYAN,0.1743630573248407,719.9375
3_17,0.28792460501229133,SINUBUNG,0.3625170998632011,1447.1538461538462
3_18,0.3529628409325468,SINUBUNG,0.3625170998632011,1287.1538461538462
3_19,0.3758222950176348,SINUBUNG,0.3625170998632011,1758.0666666666666
3_20,0.38812230567904754,PATALON,0.3963328631875881,2022.1538461538462
3_21,0.39051755695867374,PATALON,0.3963328631875881,2127.0
3_22,0.3960740247369936,PATALON,0.3963328631875881,664.0
3_23,0.3991014242386717,PATALON,0.3963328631875881,2127.0
3_24,0.3971935764115656,LABUAN,0.3763066202090592,2127.0
3_25,0.3990847244506032,LABUAN,0.3763066202090592,4454.333333333333
3_26,0.4078195003204589,LABUAN,0.3763066202090592,1594.0
3_27,0.4144334158334137,LABUAN,0.3763066202090592,3157.0
3_28,0.4244425689292279,LIMPAPA,0.4592334494773519,1574.125
3_29,0.43294521994708723,LIMPAPA,0.4592334494773519,1466.8
3_30,0.4346928671972734,LIMPAPA,0.4592334494773519,812.2222222222222
40_10,0.5177407719152058,LANDANG GUA,0.5294855708908407,797.0
40_11,0.5180941256505108,LANDANG GUA,0.5294855708908407,797.0
40_12,0.49628233610498096,LANDANG LAUM,0.4672897196261682,428.0
40_13,0.48774788961168974,LANDANG LAUM,0.4672897196261682,428.0
40_14,0.4887937902555716,PASILMANTA,0.5056947608200456,557.0
40_15,0.49088537812228666,PASILMANTA,0.5056947608200456,1251.0
40_34,0.47306759013964256,DITA,0.4755244755244755,984.0
40_40,0.3670389408850539,BUENAVISTA,0.3455842018650576,1641.888888888889
40_41,0.3662672746383883,BUENAVISTA,0.3455842018650576,1344.6666666666667
40_42,0.36649992179901025,BUENAVISTA,0.3455842018650576,675.0
40_43,0.38071817525720913,BUENAVISTA,0.3455842018650576,675.0
40_44,0.4334645287517651,MUTI,0.4861294583883752,675.0
40_45,0.43268012451585913,MUTI,0.4861294583883752,675.0
40_46,0.4242321417550576,MUTI,0.4861294583883752,675.0
40_47,0.3688560933437659,TAGASILAY,0.327334083239595,757.0
40_48,0.3621406553500713,TAGASILAY,0.327334083239595,827.8571428571429
40_49,0.3616390993895278,TAGASILAY,0.327334083239595,889.0
40_50,0.36172674073219274,TAGASILAY,0.327334083239595,1054.0
40_51,0.3423052449049397,TIGBALABAG,0.2506963788300835,1054.0
40_52,0.3065673231169809,TIGBALABAG,0.2506963788300835,1054.0
40_54,0.3857440052313963,SIBULAO,0.4231499051233396,1054.0
40_55,0.3850469469408378,VITALI,0.351937984496124,934.0
40_56,0.38525424135638875,VITALI,0.351937984496124,934.0
40_57,0.3845574731881101,VITALI,0.351937984496124,715.25
40_58,0.3810654839470734,VITALI,0.351937984496124,734.0
40_59,0.3824618788332513,VITALI,0.351937984496124,2106.0
40_60,0.3850303545896189,VITALI,0.351937984496124,684.0
40_61,0.38533475566999964,VITALI,0.351937984496124,894.0
40_62,0.3873432461093604,TICTAPUL,0.3937360178970917,894.0
40_63,0.39339770027545823,TICTAPUL,0.3937360178970917,1388.0
40_64,0.39545341651747273,TICTAPUL,0.3937360178970917,1388.0
40_65,0.3977134413764845,TICTAPUL,0.3937360178970917,1388.0
40_66,0.4011910434073145,LICOMO,0.435878962536023,1388.0
40_67,0.4024410426997945,LICOMO,0.435878962536023,1388.0
40_68,0.4023508192315898,LICOMO,0.435878962536023,1388.0
41_11,0.5122039878182105,LANDANG GUA,0.5294855708908407,797.0
41_12,0.5059141852107164,LANDANG GUA,0.5294855708908407,489.5
41_13,0.4949305103788257,PASILMANTA,0.5056947608200456,428.0
41_14,0.4955994600405712,PASILMANTA,0.5056947608200456,527.5
41_15,0.49273370392702526,PASILMANTA,0.5056947608200456,1251.0
41_2,0.5900745179740463,MANALIPA,0.5965463108320251,637.0
41_3,0.592238544691883,MANALIPA,0.5965463108320251,637.0
41_34,0.4750131556969952,DITA,0.4755244755244755,611.0
41_41,0.36235853908392884,BUENAVISTA,0.3455842018650576,1440.3333333333333
41_42,0.36119131848368585,BUENAVISTA,0.3455842018650576,866.3333333333334
41_43,0.38295454653877037,MUTI,0.4861294583883752,675.0
41_44,0.4488809551984661,MUTI,0.4861294583883752,675.0
41_45,0.4505614412451481,MUTI,0.4861294583883752,675.0
41_46,0.4470819035283179,MUTI,0.4861294583883752,675.0
41_47,0.4517300533450021,MUTI,0.4861294583883752,757.0
41_48,0.3929654329077384,TAGASILAY,0.327334083239595,839.5714285714286
41_49,0.37669124436216994,TAGASILAY,0.327334083239595,889.0
41_50,0.3989780817926452,TAGUITI,0.4972067039106145,1054.0
41_51,0.310539251986056,TIGBALABAG,0.2506963788300835,1042.2142857142858
41_52,0.2833110751437769,TIGBALABAG,0.2506963788300835,1054.0
41_53,0.32832467357775064,MANGUSU,0.362509117432531,1054.0
41_54,0.36040396939848207,VITALI,0.351937984496124,1054.0
41_55,0.37088814080037424,VITALI,0.351937984496124,934.0
41_56,0.37183688459649006,VITALI,0.351937984496124,934.0
41_57,0.3794238321200231,VITALI,0.351937984496124,1213.2
41_58,0.38403982517918606,VITALI,0.351937984496124,684.0
41_59,0.3835479523712403,VITALI,0.351937984496124,2580.0
41_60,0.38650460025154454,VITALI,0.351937984496124,2011.2
41_61,0.38707715448518093,VITALI,0.351937984496124,894.0
41_62,0.3880935242756909,TICTAPUL,0.3937360178970917,897.6363636363636
41_63,0.39951171085720627,TICTAPUL,0.3937360178970917,1079.25
41_64,0.40095944000299966,TICTAPUL,0.3937360178970917,1388.0
41_65,0.402346382303237,LICOMO,0.435878962536023,1388.0
41_66,0.4020607433262545,LICOMO,0.435878962536023,1388.0
41_67,0.40402642911427106,LICOMO,0.435878962536023,1388.0
41_68,0.4038644126199558,LICOMO,0.435878962536023,1388.0
42_12,0.5030897103058436,PASILMANTA,0.5056947608200456,797.0
42_13,0.4998248123531889,PASILMANTA,0.5056947608200456,434.6
42_14,0.4968462429949197,PASILMANTA,0.5056947608200456,439.0
42_2,0.5951325598036091,MANALIPA,0.5965463108320251,637.0
42_43,0.45116872741504277,MUTI,0.4861294583883752,675.0
42_44,0.4535769637022404,MUTI,0.4861294583883752,675.0
42_45,0.4541030735184699,MUTI,0.4861294583883752,675.0
42_46,0.4542145880927987,MUTI,0.4861294583883752,691.4
42_47,0.4550002751227579,TAGUITI,0.4972067039106145,740.6
42_48,0.43878252579093463,TAGUITI,0.4972067039106145,889.0
42_49,0.4256833813640174,TAGUITI,0.4972067039106145,889.0
42_50,0.42130741296052476,TAGUITI,0.4972067039106145,950.875
42_51,0.37047013338843854,TIGBALABAG,0.2506963788300835,930.25
42_52,0.28499714211089433,TIGBALABAG,0.2506963788300835,1054.0
42_53,0.32570573963479565,MANGUSU,0.362509117432531,1054.0
42_54,0.35187947449303275,MANGUSU,0.362509117432531,1054.0
42_55,0.36049511074203405,MANGUSU,0.362509117432531,1251.8461538461538
42_56,0.35969137173209176,VITALI,0.351937984496124,1147.7333333333333
42_57,0.359519306756688,VITALI,0.351937984496124,2580.0
42_58,0.3658011310695395,VITALI,0.351937984496124,1948.0
42_59,0.3849879329527178,VITALI,0.351937984496124,2580.0
42_60,0.3877442819811802,VITALI,0.351937984496124,2580.0
42_61,0.38818222778255146,VITALI,0.351937984496124,1415.076923076923
42_62,0.38922432992222766,TICTAPUL,0.3937360178970917,2580.0
42_63,0.40367853816018495,LICOMO,0.435878962536023,1289.2
42_64,0.40504098734721894,LICOMO,0.435878962536023,1388.0
42_65,0.4051772191477778,LICOMO,0.435878962536023,1388.0
42_66,0.40523949871278525,LICOMO,0.435878962536023,1388.0
42_67,0.40522840503514873,LICOMO,0.435878962536023,1388.0
42_68,0.4038277058324349,LICOMO,0.435878962536023,1388.0
42_69,0.40419727985415155,LICOMO,0.435878962536023,1388.0
42_70,0.4038142172901775,LICOMO,0.435878962536023,1388.0
42_72,0.40329189261133597,LICOMO,0.435878962536023,1388.0
43_1,0.5956438592420219,MANALIPA,0.5965463108320251,637.0
43_2,0.595813280333061,MANALIPA,0.5965463108320251,637.0
43_3,0.595813280333061,MANALIPA,0.5965463108320251,637.0
43_47,0.45574156657228776,MUTI,0.4861294583883752,675.0
43_48,0.4278333463198167,TAGUITI,0.4972067039106145,889.0
43_49,0.42710394244041433,TAGUITI,0.4972067039106145,889.0
43_50,0.42540461460131096,TAGUITI,0.4972067039106145,889.0
43_51,0.3930860210854706,TIGBALABAG,0.2506963788300835,359.0
43_52,0.3351458561610204,TIGBALABAG,0.2506963788300835,1054.0
43_53,0.3444024782549054,MANGUSU,0.362509117432531,1054.0
43_54,0.3598906837684539,MANGUSU,0.362509117432531,1054.0
43_55,0.3605363281456478,MANGUSU,0.362509117432531,1817.0
43_56,0.3603923782528627,VITALI,0.351937984496124,2293.875
43_57,0.36040761237070307,VITALI,0.351937984496124,2580.0
43_58,0.3566061289057189,VITALI,0.351937984496124,2580.0
43_59,0.38270650015965674,VITALI,0.351937984496124,2580.0
43_60,0.387958042554746,VITALI,0.351937984496124,2580.0
43_61,0.38883775609083815,VITALI,0.351937984496124,2580.0
43_62,0.390280542451046,TICTAPUL,0.3937360178970917,2580.0
43_63,0.40502793207319054,LICOMO,0.435878962536023,894.0
43_64,0.4050794500034501,LICOMO,0.435878962536023,1388.0
43_65,0.4050438412363713,LICOMO,0.435878962536023,1388.0
43_66,0.4050603613553113,LICOMO,0.435878962536023,1388.0
43_67,0.4049227942505043,LICOMO,0.435878962536023,1388.0
43_68,0.4054001390835865,LICOMO,0.435878962536023,1388.0
43_69,0.4056683521095234,LICOMO,0.435878962536023,1388.0
43_70,0.4043265165303065,LICOMO,0.435878962536023,1388.0
43_71,0.40372972007163554,LICOMO,0.435878962536023,1388.0
43_72,0.40345698954467274,LICOMO,0.435878962536023,1388.0
44_52,0.38557968482218596,MANGUSU,0.362509117432531,590.6666666666666
44_53,0.3856351251484763,MANGUSU,0.362509117432531,656.8571428571429
44_54,0.3803347755046896,MANGUSU,0.362509117432531,1454.923076923077
44_55,0.36333057955644366,MANGUSU,0.362509117432531,2580.0
44_56,0.36041947603378216,VITALI,0.351937984496124,2580.0
44_57,0.36041005917230984,VITALI,0.351937984496124,2580.0
44_58,0.36043778312523694,VITALI,0.351937984496124,2580.0
44_59,0.3758713080407348,VITALI,0.351937984496124,2580.0
44_60,0.38709964997611207,TICTAPUL,0.3937360178970917,2580.0
44_61,0.38976013551083794,TICTAPUL,0.3937360178970917,2580.0
44_62,0.39398206949074493,LICOMO,0.435878962536023,2580.0
44_63,0.40423355374483777,LICOMO,0.435878962536023,2018.0
44_64,0.40509373665877974,LICOMO,0.435878962536023,1388.0
44_65,0.40503171100909807,LICOMO,0.435878962536023,1388.0
44_66,0.40501783644494943,LICOMO,0.435878962536023,1388.0
44_67,0.4050380277014316,LICOMO,0.435878962536023,1388.0
44_68,0.4053008418304551,LICOMO,0.435878962536023,1388.0
44_69,0.4057821630694489,LICOMO,0.435878962536023,1388.0
44_70,0.4054632091149249,LICOMO,0.435878962536023,1388.0
45_50,0.457198361470787,TAGUITI,0.4972067039106145,889.0
45_53,0.39327632019890335,MANGUSU,0.362509117432531,359.0
45_54,0.3867591517441404,MANGUSU,0.362509117432531,1480.909090909091
45_55,0.3868665294158895,MANGUSU,0.362509117432531,2177.0
45_56,0.36210734405863215,VITALI,0.351937984496124,2580.0
45_57,0.36255653865744486,VITALI,0.351937984496124,2580.0
45_58,0.363281368320383,VITALI,0.351937984496124,2580.0
45_59,0.3684792500939216,TICTAPUL,0.3937360178970917,2580.0
45_60,0.37552005966243257,TICTAPUL,0.3937360178970917,2580.0
45_61,0.3753107951743811,TICTAPUL,0.3937360178970917,2580.0
45_62,0.38388448778461626,TICTAPUL,0.3937360178970917,2580.0
45_63,0.4042904393891763,LICOMO,0.435878962536023,2580.0
45_64,0.40501783644494943,LICOMO,0.435878962536023,2154.285714285714
45_65,0.40501783644494943,LICOMO,0.435878962536023,1475.25
45_66,0.4049753837352197,LICOMO,0.435878962536023,1343.090909090909
45_67,0.40476089571604246,LICOMO,0.435878962536023,1388.0
45_68,0.40482613956029795,LICOMO,0.435878962536023,1388.0
46_52,0.42303806925270593,LIMAONG,0.4796573875802998,498.0
46_54,0.3879023393159549,MANGUSU,0.362509117432531,1371.0
46_55,0.3921683470446345,VITALI,0.351937984496124,1572.5
46_56,0.3908985163956619,VITALI,0.351937984496124,2042.6666666666667
46_57,0.38224887779365074,LIMAONG,0.4796573875802998,2580.0
46_58,0.38897505605731186,TICTAPUL,0.3937360178970917,2580.0
46_59,0.37541181550162495,TICTAPUL,0.3937360178970917,2580.0
46_60,0.3734272438970237,TICTAPUL,0.3937360178970917,2580.0
46_61,0.3705854726559421,TICTAPUL,0.3937360178970917,2580.0
46_62,0.3806970573282106,LICOMO,0.435878962536023,1947.75
46_63,0.4075317620786138,LICOMO,0.435878962536023,2580.0
46_64,0.40813704554684166,LICOMO,0.435878962536023,1141.0
46_65,0.40827566522200875,LICOMO,0.435878962536023,1289.2
46_66,0.4072225174033108,LICOMO,0.435878962536023,1388.0
46_67,0.4064886551008171,LICOMO,0.435878962536023,1388.0
46_68,0.40860767459917063,LICOMO,0.435878962536023,1388.0
47_50,0.48490123168738103,TAGUITI,0.4972067039106145,889.0
47_53,0.4822188242545451,LIMAONG,0.4796573875802998,359.0
47_54,0.48203747651384354,LIMAONG,0.4796573875802998,1371.0
47_55,0.45511253521728556,LIMAONG,0.4796573875802998,1371.0
47_56,0.45960552230772567,VITALI,0.351937984496124,2580.0
47_57,0.474612539434597,LIMAONG,0.4796573875802998,2580.0
47_58,0.480673199249629,LIMAONG,0.4796573875802998,2580.0
47_59,0.4590605059697399,TICTAPUL,0.3937360178970917,2580.0
47_60,0.4197767914979235,TICTAPUL,0.3937360178970917,2158.5
47_61,0.3899011887319601,TICTAPUL,0.3937360178970917,2580.0
47_62,0.41201220508424957,LICOMO,0.435878962536023,2242.8
47_63,0.4292485007488784,LICOMO,0.435878962536023,2580.0
47_64,0.42957066946329747,LICOMO,0.435878962536023,1388.0
47_65,0.4302499041003673,LICOMO,0.435878962536023,1388.0
47_66,0.43140679579086644,LICOMO,0.435878962536023,1388.0
47_67,0.43303763361730274,LICOMO,0.435878962536023,1388.0
48_50,0.4847192486599393,TAGUITI,0.4972067039106145,889.0
48_51,0.48253366687508914,LIMAONG,0.4796573875802998,889.0
48_52,0.48244194888592123,LIMAONG,0.4796573875802998,359.0
48_53,0.4822419301508692,LIMAONG,0.4796573875802998,359.0
48_54,0.4821428138841049,LIMAONG,0.4796573875802998,1371.0
48_55,0.4819883851633073,LIMAONG,0.4796573875802998,1371.0
48_56,0.4815385233068699,LIMAONG,0.4796573875802998,2580.0
48_57,0.48188625093383636,LIMAONG,0.4796573875802998,2580.0
48_58,0.48204255203258944,LIMAONG,0.4796573875802998,2580.0
48_59,0.48163240775287497,LIMAONG,0.4796573875802998,2580.0
48_60,0.47194438205166467,LIMAONG,0.4796573875802998,2242.8
48_61,0.40476843219696185,TICTAPUL,0.3937360178970917,2580.0
48_62,0.4246020316633105,LICOMO,0.435878962536023,1175.0
48_63,0.435103126494888,LICOMO,0.435878962536023,894.0
48_64,0.435131002280915,LICOMO,0.435878962536023,1388.0
48_65,0.43517179310891446,LICOMO,0.435878962536023,1388.0
48_66,0.43488741602537495,LICOMO,0.435878962536023,1388.0
48_67,0.4348245771114557,LICOMO,0.435878962536023,1388.0
49_51,0.4824575953637076,LIMAONG,0.4796573875802998,889.0
49_52,0.4822779938981937,LIMAONG,0.4796573875802998,359.0
49_53,0.4822217604553476,LIMAONG,0.4796573875802998,808.7777777777778
49_54,0.4821754548950779,LIMAONG,0.4796573875802998,1371.0
49_55,0.4817705989944236,LIMAONG,0.4796573875802998,1371.0
49_56,0.48169742387259645,LIMAONG,0.4796573875802998,2445.6666666666665
49_57,0.4821235031853259,LIMAONG,0.4796573875802998,2580.0
49_58,0.4845501199376177,LIMAONG,0.4796573875802998,2580.0
49_59,0.4858931720840712,LIMAONG,0.4796573875802998,2018.0
49_62,0.4166551447513185,TICTAPUL,0.3937360178970917,894.0
49_63,0.4353107403264078,LICOMO,0.435878962536023,894.0
49_64,0.4355227251825199,LICOMO,0.435878962536023,1388.0
49_65,0.4355135293870433,LICOMO,0.435878962536023,1388.0
49_66,0.43515404487834836,LICOMO,0.435878962536023,1388.0
49_67,0.4349261358019837,LICOMO,0.435878962536023,1388.0
4_11,0.23538915803877755,AYALA,0.2375387550679704,797.0
4_12,0.22744861214055925,TALISAYAN,0.1743630573248407,1577.1875
4_13,0.2240526258723511,TALISAYAN,0.1743630573248407,1224.6470588235295
4_14,0.22732939989264128,TALISAYAN,0.1743630573248407,1249.85
4_15,0.22479437907860056,TALISAYAN,0.1743630573248407,1256.0
4_16,0.24599490178941183,TALISAYAN,0.1743630573248407,1256.0
4_17,0.2964713119376367,SINUBUNG,0.3625170998632011,895.0625
4_18,0.3572974128281538,SINUBUNG,0.3625170998632011,731.0
4_19,0.37497655041273414,SINUBUNG,0.3625170998632011,731.0
4_20,0.3852713644669227,SINUBUNG,0.3625170998632011,2127.0
4_24,0.39915318132452715,PATALON,0.3963328631875881,2384.5
4_27,0.4178301385395997,LABUAN,0.3763066202090592,3157.0
4_28,0.42705264498681655,LIMPAPA,0.4592334494773519,2296.0
4_29,0.4327321337501488,LIMPAPA,0.4592334494773519,1435.0
4_30,0.43386226875482564,LIMPAPA,0.4592334494773519,1435.0
50_52,0.4822098794014485,LIMAONG,0.4796573875802998,359.0
50_53,0.4822395207502258,LIMAONG,0.4796573875802998,1244.5
50_54,0.4822419301508692,LIMAONG,0.4796573875802998,1371.0
50_55,0.4820923292323929,LIMAONG,0.4796573875802998,1371.0
50_56,0.4824730358876151,LIMAONG,0.4796573875802998,2462.4285714285716
50_57,0.48760804817754805,TUMITUS,0.5073099415204678,2280.7272727272725
50_58,0.49812460338002923,TUMITUS,0.5073099415204678,2138.4
50_59,0.5017202599628173,TUMITUS,0.5073099415204678,2242.8
50_66,0.43357720980287695,LICOMO,0.435878962536023,1388.0
51_53,0.4822322925482957,LIMAONG,0.4796573875802998,865.0
51_54,0.48227115520913905,LIMAONG,0.4796573875802998,1277.357142857143
51_55,0.4822262688657485,LIMAONG,0.4796573875802998,1371.0
51_56,0.483142837766158,TUMITUS,0.5073099415204678,1060.6153846153845
51_57,0.4993100180195925,TUMITUS,0.5073099415204678,934.0
51_58,0.5020651192259613,TUMITUS,0.5073099415204678,930.3636363636364
51_59,0.5018106345902803,TUMITUS,0.5073099415204678,1947.75
51_60,0.5012705282361495,TUMITUS,0.5073099415204678,2580.0
52_54,0.4823640656280189,LIMAONG,0.4796573875802998,934.0
52_55,0.4826926464870609,LIMAONG,0.4796573875802998,1572.5
52_56,0.48656222789027354,TUMITUS,0.5073099415204678,934.0
52_57,0.5020031182984027,TUMITUS,0.5073099415204678,934.0
52_58,0.5020651192259613,TUMITUS,0.5073099415204678,934.0
52_59,0.5020651192259613,TUMITUS,0.5073099415204678,2580.0
53_56,0.4987469586238092,TUMITUS,0.5073099415204678,934.0
53_57,0.5020651192259613,TUMITUS,0.5073099415204678,934.0
53_58,0.5020651192259613,TUMITUS,0.5073099415204678,934.0
53_59,0.5020227302295439,TUMITUS,0.5073099415204678,894.0
54_58,0.5020420754310111,TUMITUS,0.5073099415204678,746.5
5_10,0.25374635892195124,AYALA,0.2375387550679704,1531.5
5_11,0.25213900419300384,AYALA,0.2375387550679704,3344.0
5_12,0.2514387741876902,AYALA,0.2375387550679704,3825.875
5_13,0.2709229954704023,AYALA,0.2375387550679704,2044.25
5_14,0.29957616167506396,PAMUCUTAN,0.323036187113857,1237.076923076923
5_15,0.33084485752568876,PAMUCUTAN,0.323036187113857,1256.0
5_16,0.3382040756543623,PAMUCUTAN,0.323036187113857,1242.3333333333333
5_17,0.2997775221983857,TALISAYAN,0.1743630573248407,1215.6153846153845
5_18,0.3447936402239926,SINUBUNG,0.3625170998632011,731.0
5_19,0.36476239476642663,SINUBUNG,0.3625170998632011,731.0
5_20,0.3772707811950024,SINUBUNG,0.3625170998632011,2127.0
5_28,0.42847775867360005,LIMPAPA,0.4592334494773519,3157.0
5_29,0.4326848978089769,LIMPAPA,0.4592334494773519,1435.0
6_10,0.2786731814327877,AYALA,0.2375387550679704,3648.5
6_11,0.2725189275356489,TULUNGATUNG,0.2511848341232227,3431.0
6_12,0.2591119361423531,AYALA,0.2375387550679704,2783.9375
6_13,0.2927548336044269,LA PAZ,0.4235781990521327,3358.0
6_14,0.33696771581403323,PAMUCUTAN,0.323036187113857,1428.3125
6_15,0.36444901755133163,PAMUCUTAN,0.323036187113857,1148.375
6_16,0.35423590537789174,PAMUCUTAN,0.323036187113857,1179.125
6_17,0.3417257329582224,PAMUCUTAN,0.323036187113857,1245.75
6_18,0.3446578052789462,PAMUCUTAN,0.323036187113857,731.0
6_19,0.3492515450416667,SINUBUNG,0.3625170998632011,731.0
6_20,0.35757888677702254,SINUBUNG,0.3625170998632011,2127.0
7_10,0.3008814710562435,RECODO,0.3367795295942103,3358.5555555555557
7_11,0.2849816235012506,CAWIT,0.3123409669211195,2761.0
7_12,0.2637515298155706,TULUNGATUNG,0.2511848341232227,1680.75
7_13,0.30161970475680006,LA PAZ,0.4235781990521327,1855.0
7_14,0.3619514489396751,LA PAZ,0.4235781990521327,1577.0
7_15,0.41885698170088587,PAMUCUTAN,0.323036187113857,1306.4375
7_16,0.40073915595790777,LA PAZ,0.4235781990521327,1133.0
7_17,0.363542460197901,PAMUCUTAN,0.323036187113857,1133.0
7_18,0.3454236283104206,PAMUCUTAN,0.323036187113857,1124.75
7_19,0.34639117540837927,PAMUCUTAN,0.323036187113857,731.0
7_20,0.3722391697809478,PAMUCUTAN,0.323036187113857,1196.3333333333333
8_10,0.2847621929512126,CAWIT,0.3123409669211195,2556.4285714285716
8_11,0.27159407748414893,CAWIT,0.3123409669211195,2002.6875
8_12,0.2963362103776532,TULUNGATUNG,0.2511848341232227,1653.2
8_13,0.4266985451222185,BALUNO,0.4964639321074964,1688.0
8_14,0.4362011758470404,LA PAZ,0.4235781990521327,1688.0
8_15,0.44491328158422466,LA PAZ,0.4235781990521327,1688.0
8_16,0.4067814156337589,LA PAZ,0.4235781990521327,1331.2142857142858
8_17,0.3936387196602352,LA PAZ,0.4235781990521327,1133.0
8_18,0.3680691120986983,PAMUCUTAN,0.323036187113857,1133.0
8_19,0.3651851818439612,PAMUCUTAN,0.323036187113857,731.0
8_20,0.37836254818776255,PAMUCUTAN,0.323036187113857,731.0
8_21,0.3970271725904916,PAMUCUTAN,0.323036187113857,2127.0
9_10,0.2648402912103314,MAASIN,0.2434119278779473,1479.142857142857
9_11,0.30146238703433065,CAWIT,0.3123409669211195,1293.5625
9_12,0.46123844734333097,BALUNO,0.4964639321074964,1147.7857142857142
9_13,0.469523713689154,BALUNO,0.4964639321074964,1063.7272727272727
9_14,0.45580219135487277,LA PAZ,0.4235781990521327,1688.0
9_15,0.4394577112166974,LA PAZ,0.4235781990521327,1688.0
9_16,0.40682087057893623,LA PAZ,0.4235781990521327,1688.0
9_17,0.3999841356352636,LA PAZ,0.4235781990521327,1503.0
9_18,0.3944313598737098,LA PAZ,0.4235781990521327,1133.0
9_19,0.39776532702685174,LA PAZ,0.4235781990521327,831.5
9_20,0.40794311850885306,LA PAZ,0.4235781990521327,731.0
9_21,0.41065623358467146,LA PAZ,0.4235781990521327,2127.0
9_22,0.42264714319531027,LA PAZ,0.4235781990521327,2127.0
9_23,0.42253754105497954,LA PAZ,0.4235781990521327,2127.0
9_24,0.4223573363958659,LA PAZ,0.4235781990521327,2127.0
9_9,0.2673632118520444,MAASIN,0.2434119278779473,
