cell_id,predicted_poverty
cell_0000_0021,0.7140757
cell_0000_0022,1.349691
cell_0000_0023,1.3028934
cell_0000_0024,1.442822
cell_0000_0025,1.1112294
cell_0000_0026,1.7579503
cell_0000_0027,1.2118288
cell_0000_0028,1.2758169
cell_0000_0029,1.3085525
cell_0000_0030,1.5401344
cell_0000_0031,1.598425
cell_0000_0032,1.7861845
cell_0001_0018,1.245547
cell_0001_0019,1.0976131
cell_0001_0020,1.0114952
cell_0001_0021,1.0499121
cell_0001_0022,1.0631248
cell_0001_0023,1.8495736
cell_0001_0024,1.4951789
cell_0001_0025,1.6283994
cell_0001_0026,1.0930983
cell_0001_0027,1.3853235
cell_0001_0028,1.0038865
cell_0001_0029,0.98049736
cell_0001_0030,0.9835197
cell_0001_0031,1.1254429
cell_0001_0032,1.4955379
cell_0002_0014,2.4966989
cell_0002_0015,1.2357557
cell_0002_0016,3.1562266
cell_0002_0017,1.5586026
cell_0002_0018,1.5765417
cell_0002_0019,1.6256868
cell_0002_0020,1.1387261
cell_0002_0021,2.322875
cell_0002_0022,2.1038535
cell_0002_0023,1.0873439
cell_0002_0024,1.3073316
cell_0002_0025,1.0878791
cell_0002_0026,1.0298359
cell_0002_0027,1.1179466
cell_0002_0028,1.2995423
cell_0002_0029,1.2453012
cell_0002_0030,0.9788303
cell_0002_0031,0.8838308
cell_0003_0012,4.26416
cell_0003_0013,1.6892085
cell_0003_0014,2.5512738
cell_0003_0015,1.7309611
cell_0003_0016,2.1376235
cell_0003_0017,1.7211541
cell_0003_0018,1.2523568
cell_0003_0019,1.6024587
cell_0003_0020,1.5878961
cell_0003_0021,2.5695233
cell_0003_0022,2.1861155
cell_0003_0023,1.0378454
cell_0003_0024,1.0874372
cell_0003_0025,1.0041413
cell_0003_0026,1.045825
cell_0003_0027,1.0332525
cell_0003_0028,1.6578876
cell_0003_0029,1.2590272
cell_0003_0030,1.0452548
cell_0003_0031,0.9101993
cell_0004_0011,2.2307782
cell_0004_0012,3.3838322
cell_0004_0013,2.9608994
cell_0004_0014,1.8629823
cell_0004_0015,1.0959373
cell_0004_0016,2.3401232
cell_0004_0017,1.5329218
cell_0004_0018,1.7029749
cell_0004_0019,1.1792448
cell_0004_0020,1.1240299
cell_0004_0021,1.8592079
cell_0004_0022,3.7917552
cell_0004_0023,2.4569173
cell_0004_0024,1.617619
cell_0004_0025,1.2327904
cell_0004_0026,1.7117016
cell_0004_0027,4.8613844
cell_0004_0028,1.7038624
cell_0004_0029,1.9305122
cell_0004_0030,1.159585
cell_0004_0031,0.9571172
cell_0004_0032,0.72622705
cell_0005_0010,3.894443
cell_0005_0011,1.9089134
cell_0005_0012,3.3557358
cell_0005_0013,1.3976274
cell_0005_0014,1.2073369
cell_0005_0015,3.0203366
cell_0005_0016,2.1705682
cell_0005_0017,1.4072671
cell_0005_0018,0.9774126
cell_0005_0019,1.0768921
cell_0005_0020,2.754148
cell_0005_0021,2.495615
cell_0005_0022,2.1861408
cell_0005_0023,2.1768286
cell_0005_0024,2.0679564
cell_0005_0025,2.359088
cell_0005_0026,2.5997639
cell_0005_0027,2.577603
cell_0005_0028,3.5924518
cell_0005_0029,3.2794566
cell_0005_0030,2.3482003
cell_0005_0031,1.8630607
cell_0005_0032,0.85700774
cell_0006_0009,1.1833038
cell_0006_0010,4.1431527
cell_0006_0011,1.6404121
cell_0006_0012,2.7135956
cell_0006_0013,1.7259936
cell_0006_0014,1.1142981
cell_0006_0015,1.5840355
cell_0006_0016,1.1061627
cell_0006_0017,1.7199111
cell_0006_0018,1.5270685
cell_0006_0019,1.4699233
cell_0006_0020,1.5418311
cell_0006_0021,2.396544
cell_0006_0022,2.7727907
cell_0006_0023,1.8940676
cell_0006_0024,3.475184
cell_0006_0025,3.33881
cell_0006_0026,2.705976
cell_0006_0027,3.1218476
cell_0006_0028,3.262384
cell_0006_0029,3.2970667
cell_0006_0030,4.8924685
cell_0006_0031,3.3856335
cell_0006_0032,2.6509151
cell_0007_0009,0.9447638
cell_0007_0010,2.1395605
cell_0007_0011,1.238667
cell_0007_0012,1.6420548
cell_0007_0013,1.7327428
cell_0007_0014,1.754322
cell_0007_0015,3.132049
cell_0007_0016,3.2703648
cell_0007_0017,1.0648273
cell_0007_0018,1.6638
cell_0007_0019,1.5665998
cell_0007_0020,1.7680593
cell_0007_0021,3.0614324
cell_0007_0022,3.0354822
cell_0007_0023,3.595051
cell_0007_0024,2.8119721
cell_0007_0025,2.624096
cell_0007_0026,2.50037
cell_0007_0027,3.106131
cell_0007_0028,3.544586
cell_0007_0029,3.1843708
cell_0007_0030,1.8510854
cell_0007_0031,2.1387427
cell_0007_0032,0.8200128
cell_0008_0010,1.9879342
cell_0008_0011,1.4264252
cell_0008_0012,1.838085
cell_0008_0013,1.828487
cell_0008_0014,2.5183716
cell_0008_0015,2.7409735
cell_0008_0016,3.102559
cell_0008_0017,2.6000018
cell_0008_0018,2.5103967
cell_0008_0019,2.0095856
cell_0008_0020,1.8342545
cell_0008_0021,2.216169
cell_0008_0022,2.1011763
cell_0008_0023,1.9067893
cell_0008_0024,2.9266992
cell_0008_0025,2.3387294
cell_0008_0026,2.9196734
cell_0008_0027,3.0822606
cell_0008_0028,2.8404183
cell_0008_0029,1.7443149
cell_0008_0030,1.7276189
cell_0008_0031,2.1785228
cell_0008_0032,2.3788056
cell_0009_0009,1.5418932
cell_0009_0010,1.1352836
cell_0009_0011,1.5620244
cell_0009_0012,1.3554358
cell_0009_0013,3.033781
cell_0009_0014,1.3154435
cell_0009_0015,3.8724194
cell_0009_0016,3.5571399
cell_0009_0017,3.6435058
cell_0009_0018,3.2685404
cell_0009_0019,3.141766
cell_0009_0020,1.4131727
cell_0009_0021,1.352593
cell_0009_0022,1.3425977
cell_0009_0023,1.006395
cell_0009_0024,1.8402452
cell_0009_0025,1.0903502
cell_0009_0026,4.249542
cell_0009_0027,3.8672576
cell_0009_0028,3.0616102
cell_0009_0029,2.4726045
cell_0009_0030,2.576901
cell_0009_0031,2.4553785
cell_0009_0032,1.8535442
cell_0010_0008,1.4775738
cell_0010_0009,1.4517148
cell_0010_0010,1.3635798
cell_0010_0011,1.5454165
cell_0010_0012,2.8394718
cell_0010_0013,3.0534697
cell_0010_0014,3.9981174
cell_0010_0015,3.4559522
cell_0010_0016,2.006353
cell_0010_0017,2.8815734
cell_0010_0018,4.3412204
cell_0010_0019,2.54698
cell_0010_0020,2.7646036
cell_0010_0021,1.3460069
cell_0010_0022,1.5300853
cell_0010_0023,1.3840121
cell_0010_0024,1.0789901
cell_0010_0025,2.2464967
cell_0010_0026,3.463192
cell_0010_0027,3.6114874
cell_0010_0028,1.6538053
cell_0010_0029,2.2420917
cell_0010_0030,3.323164
cell_0010_0031,1.5169103
cell_0010_0032,1.1577495
cell_0011_0007,0.7867615
cell_0011_0008,2.2299116
cell_0011_0009,1.3915099
cell_0011_0010,1.3006467
cell_0011_0011,1.0833964
cell_0011_0012,2.7036343
cell_0011_0013,2.8003647
cell_0011_0014,4.096073
cell_0011_0015,2.4651794
cell_0011_0016,3.1995862
cell_0011_0017,2.7123475
cell_0011_0018,1.2870541
cell_0011_0019,2.3318787
cell_0011_0020,2.808617
cell_0011_0021,3.4662209
cell_0011_0022,2.1664615
cell_0011_0023,1.6102562
cell_0011_0024,1.0185095
cell_0011_0025,1.6308079
cell_0011_0026,1.6025994
cell_0011_0027,0.96348155
cell_0011_0028,1.4636267
cell_0011_0029,1.6945963
cell_0011_0030,1.3653271
cell_0011_0031,0.9132939
cell_0011_0032,0.87892604
cell_0012_0007,1.8559136
cell_0012_0008,2.6474893
cell_0012_0009,1.8004231
cell_0012_0010,1.388154
cell_0012_0011,3.82473
cell_0012_0012,2.4279888
cell_0012_0013,3.8519268
cell_0012_0014,2.6774821
cell_0012_0015,3.2014468
cell_0012_0016,2.219529
cell_0012_0017,1.7671224
cell_0012_0018,1.545856
cell_0012_0019,1.8651394
cell_0012_0020,1.8995441
cell_0012_0021,2.7266412
cell_0012_0022,2.8466017
cell_0012_0023,3.527457
cell_0012_0024,3.0090835
cell_0012_0025,2.4021828
cell_0012_0026,3.9193726
cell_0012_0027,2.6444566
cell_0012_0028,1.7057737
cell_0012_0029,2.861424
cell_0012_0030,1.1609654
cell_0012_0031,1.0790225
cell_0012_0032,0.8384159
cell_0013_0006,1.1612252
cell_0013_0007,1.5480882
cell_0013_0008,1.2998662
cell_0013_0009,1.5286837
cell_0013_0010,1.757099
cell_0013_0011,2.630118
cell_0013_0012,1.9015677
cell_0013_0013,1.8707
cell_0013_0014,3.385179
cell_0013_0015,3.1980722
cell_0013_0016,3.339104
cell_0013_0017,4.5788794
cell_0013_0018,1.4408604
cell_0013_0019,3.3807225
cell_0013_0020,3.1096234
cell_0013_0021,3.3755121
cell_0013_0022,1.6368303
cell_0013_0023,2.73544
cell_0013_0024,2.3791533
cell_0013_0025,1.7066201
cell_0013_0026,3.4969072
cell_0013_0027,2.291513
cell_0013_0028,1.483671
cell_0013_0029,2.804288
cell_0013_0030,1.5557482
cell_0013_0031,1.2909191
cell_0013_0032,0.90609866
cell_0014_0006,0.97535145
cell_0014_0007,1.4225271
cell_0014_0008,1.968497
cell_0014_0009,1.6765188
cell_0014_0010,1.4122772
cell_0014_0011,3.0920978
cell_0014_0012,1.2038114
cell_0014_0013,2.6512365
cell_0014_0014,3.0517688
cell_0014_0015,3.4555242
cell_0014_0016,3.9562209
cell_0014_0017,3.0082858
cell_0014_0018,4.0268617
cell_0014_0019,2.5838246
cell_0014_0020,1.9948447
cell_0014_0021,1.0747596
cell_0014_0022,2.189735
cell_0014_0023,3.1925035
cell_0014_0024,3.9850247
cell_0014_0025,1.8144438
cell_0014_0026,3.4332194
cell_0014_0027,2.5262709
cell_0014_0028,1.2565058
cell_0014_0029,1.1730194
cell_0014_0030,1.5001622
cell_0014_0031,1.847157
cell_0014_0032,1.1620575
cell_0015_0002,2.2584414
cell_0015_0003,1.8500009
cell_0015_0006,2.2640274
cell_0015_0007,1.6764438
cell_0015_0008,2.1474762
cell_0015_0009,1.8075552
cell_0015_0010,1.6123029
cell_0015_0011,3.6785743
cell_0015_0012,4.647745
cell_0015_0013,2.34153
cell_0015_0014,1.6387761
cell_0015_0015,2.884027
cell_0015_0016,2.4768229
cell_0015_0017,2.06503
cell_0015_0018,3.3340797
cell_0015_0019,2.5584908
cell_0015_0020,1.343328
cell_0015_0021,4.3463206
cell_0015_0022,2.6048453
cell_0015_0023,2.5733228
cell_0015_0024,1.5708556
cell_0015_0025,1.4593174
cell_0015_0026,2.5457873
cell_0015_0027,2.7190268
cell_0015_0028,1.4128455
cell_0015_0029,1.2570646
cell_0015_0030,1.5960088
cell_0015_0031,1.5482073
cell_0015_0032,0.97326297
cell_0016_0001,1.8001852
cell_0016_0002,2.278686
cell_0016_0005,2.7069578
cell_0016_0006,2.554904
cell_0016_0007,2.4969764
cell_0016_0008,2.033094
cell_0016_0009,2.4652603
cell_0016_0010,0.9970579
cell_0016_0011,3.6146276
cell_0016_0012,5.530325
cell_0016_0013,3.5214353
cell_0016_0014,1.816489
cell_0016_0015,1.3681685
cell_0016_0016,1.6762435
cell_0016_0017,1.4113111
cell_0016_0018,1.5522559
cell_0016_0019,1.0782619
cell_0016_0020,1.1046083
cell_0016_0021,2.1482072
cell_0016_0022,1.825014
cell_0016_0023,2.1896117
cell_0016_0024,3.4949489
cell_0016_0025,3.5701432
cell_0016_0026,2.2644036
cell_0016_0027,2.5191495
cell_0016_0028,2.5831015
cell_0016_0029,3.1815
cell_0016_0030,1.991033
cell_0016_0031,1.6518838
cell_0016_0032,1.2575006
cell_0017_0000,1.9417335
cell_0017_0001,2.3952003
cell_0017_0005,2.6141686
cell_0017_0006,2.773048
cell_0017_0007,1.7856717
cell_0017_0008,2.2069879
cell_0017_0009,3.1781769
cell_0017_0010,1.781971
cell_0017_0011,2.299601
cell_0017_0012,3.2774892
cell_0017_0013,2.2164688
cell_0017_0014,1.2075304
cell_0017_0015,1.0048043
cell_0017_0016,0.9403574
cell_0017_0017,1.8348677
cell_0017_0018,2.395863
cell_0017_0019,3.277411
cell_0017_0020,2.3245826
cell_0017_0021,2.3409395
cell_0017_0022,4.183633
cell_0017_0023,3.1147203
cell_0017_0024,2.4288669
cell_0017_0025,3.2000327
cell_0017_0026,2.2959914
cell_0017_0027,3.7496824
cell_0017_0028,2.757595
cell_0017_0029,2.3465486
cell_0017_0030,2.7645555
cell_0017_0031,1.473177
cell_0017_0032,0.73241806
cell_0018_0000,1.7560902
cell_0018_0001,1.9153931
cell_0018_0005,2.3640606
cell_0018_0006,3.369974
cell_0018_0007,2.6588137
cell_0018_0008,3.9142373
cell_0018_0009,1.8528415
cell_0018_0010,1.3733327
cell_0018_0011,1.3163685
cell_0018_0012,2.1275022
cell_0018_0013,1.8161964
cell_0018_0014,1.2779303
cell_0018_0015,2.669568
cell_0018_0016,1.870136
cell_0018_0017,1.1201885
cell_0018_0018,1.4079068
cell_0018_0019,3.1050653
cell_0018_0020,2.2508373
cell_0018_0021,1.8731989
cell_0018_0022,1.3028759
cell_0018_0023,2.029107
cell_0018_0024,2.541813
cell_0018_0025,2.4665935
cell_0018_0026,2.055129
cell_0018_0027,1.059979
cell_0018_0028,1.604548
cell_0018_0029,3.7093341
cell_0018_0030,3.265266
cell_0018_0031,2.936316
cell_0018_0032,0.6582247
cell_0019_0000,1.9368255
cell_0019_0001,1.7295231
cell_0019_0004,2.118721
cell_0019_0005,3.312635
cell_0019_0006,2.7112622
cell_0019_0007,2.4107554
cell_0019_0008,1.9917214
cell_0019_0009,2.1949458
cell_0019_0010,2.7576985
cell_0019_0011,2.0289946
cell_0019_0012,1.8809083
cell_0019_0013,1.0067081
cell_0019_0014,1.1492887
cell_0019_0015,1.2799518
cell_0019_0016,1.8439953
cell_0019_0017,2.1835592
cell_0019_0018,0.8656354
cell_0019_0019,1.153682
cell_0019_0020,1.3532346
cell_0019_0021,2.0773802
cell_0019_0022,2.1010597
cell_0019_0023,3.2005763
cell_0019_0024,2.7989292
cell_0019_0025,2.8752904
cell_0019_0026,3.2646847
cell_0019_0027,3.516376
cell_0019_0028,3.2914793
cell_0019_0029,1.918664
cell_0019_0030,2.9329543
cell_0019_0031,3.2271583
cell_0019_0032,1.1558919
cell_0020_0004,1.698314
cell_0020_0005,2.211718
cell_0020_0006,3.515913
cell_0020_0007,3.7251618
cell_0020_0008,2.5285733
cell_0020_0009,2.4323235
cell_0020_0010,2.0110888
cell_0020_0011,2.658174
cell_0020_0012,3.2845926
cell_0020_0013,3.7515845
cell_0020_0014,1.0227572
cell_0020_0015,1.698688
cell_0020_0016,2.6347084
cell_0020_0017,0.9956525
cell_0020_0018,0.90255356
cell_0020_0019,1.7924922
cell_0020_0020,1.4725972
cell_0020_0021,2.5704734
cell_0020_0022,2.5245924
cell_0020_0023,1.3894887
cell_0020_0024,1.7156227
cell_0020_0025,2.1394634
cell_0020_0026,2.5452762
cell_0020_0027,2.6512632
cell_0020_0028,3.3824792
cell_0020_0029,1.0030676
cell_0020_0030,1.8597279
cell_0020_0031,3.2452288
cell_0020_0032,1.8500096
cell_0020_0033,3.0787055
cell_0021_0003,0.9330173
cell_0021_0004,2.4712172
cell_0021_0005,3.8509264
cell_0021_0006,2.7494545
cell_0021_0007,2.3939316
cell_0021_0008,2.7016444
cell_0021_0009,2.4370909
cell_0021_0010,3.2543192
cell_0021_0011,3.178697
cell_0021_0012,2.9335055
cell_0021_0013,3.9996161
cell_0021_0014,1.5121272
cell_0021_0015,1.6838697
cell_0021_0016,2.5221095
cell_0021_0017,1.779823
cell_0021_0018,1.4549487
cell_0021_0019,2.5464025
cell_0021_0020,1.4133618
cell_0021_0021,2.3165655
cell_0021_0022,3.8316073
cell_0021_0023,3.028957
cell_0021_0024,1.3336673
cell_0021_0025,1.3101401
cell_0021_0026,3.0066056
cell_0021_0027,2.0612621
cell_0021_0028,2.8110228
cell_0021_0029,0.88005424
cell_0021_0030,1.2451589
cell_0021_0031,4.8180723
cell_0021_0032,2.309328
cell_0021_0033,1.0564202
cell_0021_0034,1.0269563
cell_0021_0035,1.3636413
cell_0022_0003,1.7575097
cell_0022_0004,2.0799112
cell_0022_0005,2.6755228
cell_0022_0006,2.1973314
cell_0022_0007,1.5649637
cell_0022_0008,1.6868737
cell_0022_0009,2.2466726
cell_0022_0010,1.6843743
cell_0022_0011,1.6820083
cell_0022_0012,1.2685965
cell_0022_0013,0.9678345
cell_0022_0014,0.9687356
cell_0022_0015,1.5474832
cell_0022_0016,1.2656885
cell_0022_0017,1.1206332
cell_0022_0018,1.0193831
cell_0022_0019,1.0758541
cell_0022_0020,1.0016062
cell_0022_0021,1.2399023
cell_0022_0022,1.1046333
cell_0022_0023,1.6760216
cell_0022_0024,1.9052657
cell_0022_0025,1.601721
cell_0022_0026,1.2644453
cell_0022_0027,1.3663023
cell_0022_0028,1.2953832
cell_0022_0029,1.2914989
cell_0022_0030,1.3404102
cell_0022_0031,1.2284895
cell_0022_0032,0.94544715
cell_0022_0033,1.5197077
cell_0022_0034,0.8892051
cell_0022_0035,1.0868399
cell_0022_0036,0.87479097
cell_0023_0003,1.5600003
cell_0023_0004,0.89869833
cell_0023_0005,1.7666795
cell_0023_0006,3.016097
cell_0023_0007,1.733784
cell_0023_0008,1.479491
cell_0023_0009,2.4796484
cell_0023_0010,1.9672277
cell_0023_0011,1.968899
cell_0023_0012,1.2671492
cell_0023_0013,1.4663327
cell_0023_0014,1.3381908
cell_0023_0015,1.3867657
cell_0023_0016,1.3218304
cell_0023_0017,1.1794806
cell_0023_0018,1.2733245
cell_0023_0019,1.0494531
cell_0023_0020,1.7571895
cell_0023_0021,1.0607722
cell_0023_0022,1.0401945
cell_0023_0023,1.1179458
cell_0023_0024,1.5192521
cell_0023_0025,2.1290374
cell_0023_0026,1.0472718
cell_0023_0027,1.3995066
cell_0023_0028,1.7555019
cell_0023_0029,1.2484341
cell_0023_0030,1.1620343
cell_0023_0031,1.2439687
cell_0023_0032,0.96518254
cell_0023_0033,0.94818383
cell_0023_0034,1.2930284
cell_0023_0035,0.9764375
cell_0023_0036,1.0621983
cell_0023_0037,0.7997932
cell_0024_0003,1.647088
cell_0024_0004,1.0613179
cell_0024_0005,1.7771083
cell_0024_0006,1.492505
cell_0024_0007,0.82653356
cell_0024_0008,1.0092798
cell_0024_0009,1.9345716
cell_0024_0010,2.6867938
cell_0024_0011,1.7463684
cell_0024_0012,1.1794419
cell_0024_0013,1.4397597
cell_0024_0014,1.8460708
cell_0024_0015,1.1894238
cell_0024_0016,1.5390396
cell_0024_0017,1.2261684
cell_0024_0018,1.5050017
cell_0024_0019,1.1179622
cell_0024_0020,1.7712617
cell_0024_0021,1.0942026
cell_0024_0022,1.6263905
cell_0024_0023,0.9804384
cell_0024_0024,0.99821955
cell_0024_0025,1.0687941
cell_0024_0026,1.6498263
cell_0024_0027,1.0818988
cell_0024_0028,1.2324913
cell_0024_0029,1.7710607
cell_0024_0030,1.4123099
cell_0024_0031,1.625806
cell_0024_0032,1.3927376
cell_0024_0033,0.9412831
cell_0024_0034,0.8265039
cell_0024_0035,0.9107305
cell_0024_0036,0.9976603
cell_0024_0037,1.1535048
cell_0024_0038,0.676052
cell_0025_0003,1.5852777
cell_0025_0004,0.68741477
cell_0025_0005,2.781333
cell_0025_0006,1.4625127
cell_0025_0007,1.127318
cell_0025_0008,1.0931894
cell_0025_0009,1.4153624
cell_0025_0010,1.7925656
cell_0025_0011,2.2325497
cell_0025_0012,1.41062
cell_0025_0013,1.4031167
cell_0025_0014,1.830935
cell_0025_0015,1.4372292
cell_0025_0016,0.9905983
cell_0025_0017,1.1605296
cell_0025_0018,1.2227162
cell_0025_0019,1.233562
cell_0025_0020,1.3621435
cell_0025_0021,1.1502818
cell_0025_0022,1.4918895
cell_0025_0023,1.0492215
cell_0025_0024,1.3339298
cell_0025_0025,1.9870775
cell_0025_0026,1.5221534
cell_0025_0027,1.2333784
cell_0025_0028,1.1030273
cell_0025_0029,1.3892611
cell_0025_0030,1.1230998
cell_0025_0031,1.1574013
cell_0025_0032,1.241593
cell_0025_0033,1.1943434
cell_0025_0034,0.9282726
cell_0025_0035,0.94830096
cell_0025_0036,1.187053
cell_0025_0037,0.9241886
cell_0025_0038,1.065308
cell_0025_0039,1.3490443
cell_0026_0002,2.1049566
cell_0026_0003,0.7430961
cell_0026_0004,0.5750024
cell_0026_0005,1.0972357
cell_0026_0006,1.3282304
cell_0026_0007,1.4473661
cell_0026_0008,2.0274584
cell_0026_0009,2.3686652
cell_0026_0010,2.010548
cell_0026_0011,3.229394
cell_0026_0012,2.007179
cell_0026_0013,1.9637754
cell_0026_0014,1.2770903
cell_0026_0015,1.4541636
cell_0026_0016,1.5454806
cell_0026_0017,1.2317549
cell_0026_0018,1.0727996
cell_0026_0019,1.086757
cell_0026_0020,1.6335192
cell_0026_0021,1.065787
cell_0026_0022,1.6855215
cell_0026_0023,1.2699807
cell_0026_0024,1.4886919
cell_0026_0025,1.7805614
cell_0026_0026,1.2067878
cell_0026_0027,1.1534739
cell_0026_0028,1.0601046
cell_0026_0029,1.4303169
cell_0026_0030,0.99109215
cell_0026_0031,1.4114522
cell_0026_0032,1.1030585
cell_0026_0033,1.6134106
cell_0026_0034,1.094517
cell_0026_0035,1.9213037
cell_0026_0036,1.5466833
cell_0026_0037,1.113234
cell_0026_0038,1.0359676
cell_0026_0039,1.4182799
cell_0026_0040,0.94145507
cell_0026_0041,0.87062997
cell_0027_0002,1.7732215
cell_0027_0003,0.59465456
cell_0027_0005,1.1637552
cell_0027_0006,1.7968125
cell_0027_0007,0.6848367
cell_0027_0008,1.2754335
cell_0027_0009,1.9816402
cell_0027_0010,3.0517516
cell_0027_0011,1.7838166
cell_0027_0012,1.9866848
cell_0027_0013,1.6958525
cell_0027_0014,1.4529753
cell_0027_0015,1.1444087
cell_0027_0016,1.0937912
cell_0027_0017,1.1853695
cell_0027_0018,1.9295099
cell_0027_0019,1.1058344
cell_0027_0020,1.064424
cell_0027_0021,1.422892
cell_0027_0022,1.1005789
cell_0027_0023,1.1546395
cell_0027_0024,1.0249316
cell_0027_0025,0.9798321
cell_0027_0026,1.7149551
cell_0027_0027,1.1913946
cell_0027_0028,1.1574583
cell_0027_0029,1.4521114
cell_0027_0030,1.0370101
cell_0027_0031,1.283923
cell_0027_0032,1.0623932
cell_0027_0033,2.0404637
cell_0027_0034,0.9690258
cell_0027_0035,0.9219151
cell_0027_0036,1.5804932
cell_0027_0037,1.3563665
cell_0027_0038,0.99470794
cell_0027_0039,0.9670677
cell_0027_0040,1.0906233
cell_0027_0041,1.1277679
cell_0027_0042,1.2358434
cell_0027_0043,1.2494662
cell_0027_0044,1.2085173
cell_0027_0045,1.2699097
cell_0028_0002,0.87948847
cell_0028_0003,0.8045386
cell_0028_0005,1.0379137
cell_0028_0006,1.9096156
cell_0028_0007,1.2209253
cell_0028_0008,1.3365024
cell_0028_0009,1.2993964
cell_0028_0010,1.4207709
cell_0028_0011,1.4216931
cell_0028_0012,1.1614267
cell_0028_0013,1.3050578
cell_0028_0014,1.8242211
cell_0028_0015,1.9354254
cell_0028_0016,1.2978365
cell_0028_0017,1.2288843
cell_0028_0018,1.3067788
cell_0028_0019,1.2398887
cell_0028_0020,1.5854942
cell_0028_0021,1.1427935
cell_0028_0022,1.289608
cell_0028_0023,1.175385
cell_0028_0024,1.0215762
cell_0028_0025,1.033301
cell_0028_0026,0.96536183
cell_0028_0027,1.1545761
cell_0028_0028,1.139579
cell_0028_0029,1.1212306
cell_0028_0030,1.0824397
cell_0028_0031,0.9861254
cell_0028_0032,1.0361421
cell_0028_0033,0.9449111
cell_0028_0034,1.156469
cell_0028_0035,1.0127283
cell_0028_0036,0.9683191
cell_0028_0037,1.7283839
cell_0028_0038,1.010929
cell_0028_0039,0.9515928
cell_0028_0040,1.3736007
cell_0028_0041,1.5884223
cell_0028_0042,1.6212243
cell_0028_0043,1.5376799
cell_0028_0044,1.3839433
cell_0028_0045,0.81090784
cell_0029_0003,3.0014536
cell_0029_0004,2.0562193
cell_0029_0006,1.2202098
cell_0029_0008,0.9970145
cell_0029_0009,0.9140787
cell_0029_0010,1.2746031
cell_0029_0011,1.3559401
cell_0029_0012,0.88600093
cell_0029_0013,1.6234593
cell_0029_0014,1.3920883
cell_0029_0015,1.3755317
cell_0029_0016,1.1040095
cell_0029_0017,1.8074752
cell_0029_0018,1.485021
cell_0029_0019,1.0615315
cell_0029_0020,1.241353
cell_0029_0021,1.0614027
cell_0029_0022,1.3607367
cell_0029_0023,1.013012
cell_0029_0024,0.94597477
cell_0029_0025,0.9932351
cell_0029_0026,1.1420926
cell_0029_0027,1.3864543
cell_0029_0028,1.1438117
cell_0029_0029,1.2436703
cell_0029_0030,1.0047555
cell_0029_0031,1.0198053
cell_0029_0032,0.97112787
cell_0029_0033,0.9667419
cell_0029_0034,0.9979056
cell_0029_0035,1.1126901
cell_0029_0036,0.9583323
cell_0029_0037,1.8139713
cell_0029_0038,1.1804814
cell_0029_0039,1.6298738
cell_0029_0040,1.209869
cell_0029_0041,1.2435962
cell_0029_0042,1.0357109
cell_0029_0043,1.1335998
cell_0029_0044,1.0708516
cell_0029_0045,0.66737634
cell_0029_0050,0.7105002
cell_0029_0051,0.50471467
cell_0029_0052,0.98709136
cell_0029_0053,1.1846371
cell_0029_0054,1.6969647
cell_0029_0055,0.9574348
cell_0029_0056,1.0203866
cell_0029_0057,0.66514766
cell_0030_0003,1.3062993
cell_0030_0008,0.7581413
cell_0030_0009,1.5409167
cell_0030_0010,2.055335
cell_0030_0011,1.3407432
cell_0030_0012,1.2547717
cell_0030_0013,1.2806182
cell_0030_0014,1.5425702
cell_0030_0015,1.2735229
cell_0030_0016,1.2288237
cell_0030_0017,1.7773138
cell_0030_0018,1.3364606
cell_0030_0019,1.3302553
cell_0030_0020,1.137373
cell_0030_0021,1.1894246
cell_0030_0022,1.4881499
cell_0030_0023,1.0020748
cell_0030_0024,0.9775559
cell_0030_0025,0.95327216
cell_0030_0026,1.1680547
cell_0030_0027,1.3579574
cell_0030_0028,1.8278856
cell_0030_0029,1.7598181
cell_0030_0030,1.0628524
cell_0030_0031,0.9450501
cell_0030_0032,0.8927845
cell_0030_0033,0.93668145
cell_0030_0034,0.9719122
cell_0030_0035,1.0992792
cell_0030_0036,1.1119488
cell_0030_0037,1.2363299
cell_0030_0038,1.0323293
cell_0030_0039,1.4901822
cell_0030_0040,1.298234
cell_0030_0041,0.95923734
cell_0030_0042,1.0277573
cell_0030_0043,1.5144155
cell_0030_0044,1.2032855
cell_0030_0045,0.8004217
cell_0030_0046,0.87999237
cell_0030_0047,1.0583706
cell_0030_0048,0.892326
cell_0030_0049,0.9261005
cell_0030_0050,1.0393846
cell_0030_0051,0.96443915
cell_0030_0052,1.0186199
cell_0030_0053,2.3781083
cell_0030_0054,2.748894
cell_0030_0055,2.1852362
cell_0030_0056,0.97307134
cell_0030_0057,0.77049965
cell_0030_0058,0.936391
cell_0030_0059,0.5949784
cell_0030_0060,0.7304474
cell_0031_0005,0.9083579
cell_0031_0006,1.8871794
cell_0031_0009,1.1318078
cell_0031_0010,1.4254665
cell_0031_0011,0.801703
cell_0031_0012,0.85730183
cell_0031_0013,1.193969
cell_0031_0014,1.1246793
cell_0031_0015,1.2671304
cell_0031_0016,1.2616167
cell_0031_0017,2.1751516
cell_0031_0018,1.1330369
cell_0031_0019,1.2885828
cell_0031_0020,1.5492396
cell_0031_0021,2.1828046
cell_0031_0022,1.4980103
cell_0031_0023,1.0305492
cell_0031_0024,0.9250165
cell_0031_0025,1.4558748
cell_0031_0026,1.0820795
cell_0031_0027,1.369351
cell_0031_0028,1.1899868
cell_0031_0029,1.1846988
cell_0031_0030,1.0524976
cell_0031_0031,0.97946405
cell_0031_0032,1.1007636
cell_0031_0033,0.99026644
cell_0031_0034,0.9734849
cell_0031_0035,0.9542863
cell_0031_0036,1.1182239
cell_0031_0037,1.0099226
cell_0031_0038,1.6414492
cell_0031_0039,1.415942
cell_0031_0040,1.2172725
cell_0031_0041,2.6365924
cell_0031_0042,3.2580996
cell_0031_0043,3.9059436
cell_0031_0044,1.6102812
cell_0031_0045,2.5296898
cell_0031_0046,1.4980543
cell_0031_0047,1.1026037
cell_0031_0048,0.98829854
cell_0031_0049,1.0343274
cell_0031_0050,1.7246088
cell_0031_0051,1.4681468
cell_0031_0052,2.4140472
cell_0031_0053,2.233826
cell_0031_0054,2.2778885
cell_0031_0055,2.098195
cell_0031_0056,1.8200407
cell_0031_0057,1.9158955
cell_0031_0058,3.4304278
cell_0031_0059,1.0316117
cell_0031_0060,1.7044449
cell_0031_0061,1.525227
cell_0031_0062,0.8744269
cell_0032_0007,0.806018
cell_0032_0008,0.8265845
cell_0032_0013,0.61912465
cell_0032_0014,1.5666044
cell_0032_0015,1.2716146
cell_0032_0016,0.8862115
cell_0032_0017,1.8783479
cell_0032_0018,1.4508898
cell_0032_0019,1.1688576
cell_0032_0020,1.2623425
cell_0032_0021,1.1708679
cell_0032_0022,1.317383
cell_0032_0023,1.0335273
cell_0032_0024,1.161656
cell_0032_0025,1.0350893
cell_0032_0026,1.1244508
cell_0032_0027,1.2327312
cell_0032_0028,1.1100469
cell_0032_0029,1.0449696
cell_0032_0030,1.1766095
cell_0032_0031,1.0311426
cell_0032_0032,1.1589279
cell_0032_0033,1.0841097
cell_0032_0034,1.1213921
cell_0032_0035,1.1481657
cell_0032_0036,1.2951126
cell_0032_0037,1.2238839
cell_0032_0038,1.6380403
cell_0032_0039,1.3311405
cell_0032_0040,1.0411936
cell_0032_0041,2.031067
cell_0032_0042,1.6238585
cell_0032_0043,3.3040018
cell_0032_0044,2.0585675
cell_0032_0045,2.9296143
cell_0032_0046,1.4736767
cell_0032_0047,2.2400804
cell_0032_0048,1.1012293
cell_0032_0049,1.0084836
cell_0032_0050,1.4280772
cell_0032_0051,1.2327373
cell_0032_0052,1.7935457
cell_0032_0053,1.704487
cell_0032_0054,1.8430486
cell_0032_0055,2.6125653
cell_0032_0056,2.4061835
cell_0032_0057,3.1843483
cell_0032_0058,5.248199
cell_0032_0059,3.7571664
cell_0032_0060,2.726571
cell_0032_0061,1.3594866
cell_0032_0062,1.2848411
cell_0032_0063,1.4723734
cell_0033_0006,1.4054472
cell_0033_0007,0.67082286
cell_0033_0008,0.66179025
cell_0033_0009,0.80400354
cell_0033_0010,1.1181365
cell_0033_0016,1.1738021
cell_0033_0017,1.7254722
cell_0033_0018,1.1485302
cell_0033_0019,0.62970865
cell_0033_0020,0.7633693
cell_0033_0021,0.734112
cell_0033_0022,1.3548796
cell_0033_0023,1.7841091
cell_0033_0024,1.066463
cell_0033_0025,1.029847
cell_0033_0026,1.0949279
cell_0033_0027,1.2242789
cell_0033_0028,1.0994978
cell_0033_0029,0.96123165
cell_0033_0030,1.0064862
cell_0033_0031,0.98295736
cell_0033_0032,1.0452436
cell_0033_0033,0.99835145
cell_0033_0034,0.94259584
cell_0033_0035,1.1099532
cell_0033_0036,1.1552505
cell_0033_0037,1.2362546
cell_0033_0038,1.5065966
cell_0033_0039,1.5845194
cell_0033_0040,0.92072785
cell_0033_0041,2.400406
cell_0033_0042,1.2972857
cell_0033_0043,0.9317102
cell_0033_0044,1.7712044
cell_0033_0045,1.2592452
cell_0033_0046,1.1221944
cell_0033_0047,3.101665
cell_0033_0048,1.6343539
cell_0033_0049,2.5311356
cell_0033_0050,3.0881953
cell_0033_0051,3.065484
cell_0033_0052,1.4727007
cell_0033_0053,1.7385222
cell_0033_0054,0.5686877
cell_0033_0055,1.4572276
cell_0033_0056,2.6228426
cell_0033_0057,2.57021
cell_0033_0058,1.9856637
cell_0033_0059,2.1536937
cell_0033_0060,2.1352658
cell_0033_0061,2.1740346
cell_0033_0062,4.104181
cell_0033_0063,1.6295187
cell_0034_0007,0.89349675
cell_0034_0008,0.7806523
cell_0034_0009,0.689497
cell_0034_0010,0.64184666
cell_0034_0011,0.5372466
cell_0034_0012,1.3806267
cell_0034_0013,1.2642918
cell_0034_0018,0.7363296
cell_0034_0019,1.0481173
cell_0034_0020,0.7348232
cell_0034_0021,0.59952664
cell_0034_0022,0.7556392
cell_0034_0023,1.9313191
cell_0034_0024,1.8212149
cell_0034_0025,1.3363736
cell_0034_0026,1.2168202
cell_0034_0027,1.0986015
cell_0034_0028,0.9370223
cell_0034_0029,0.90347123
cell_0034_0030,0.9339571
cell_0034_0031,0.9218415
cell_0034_0032,0.93576765
cell_0034_0033,1.1818004
cell_0034_0034,0.9940957
cell_0034_0035,1.2900715
cell_0034_0036,1.009012
cell_0034_0037,1.4937592
cell_0034_0038,1.4595864
cell_0034_0039,0.965444
cell_0034_0040,0.9743577
cell_0034_0041,1.24331
cell_0034_0042,1.0933726
cell_0034_0043,0.99234027
cell_0034_0044,0.99608797
cell_0034_0045,1.0077481
cell_0034_0046,1.1771033
cell_0034_0047,1.0381486
cell_0034_0048,1.1163594
cell_0034_0049,1.965496
cell_0034_0050,1.4773686
cell_0034_0051,1.0739696
cell_0034_0052,1.8548828
cell_0034_0053,3.4689689
cell_0034_0054,1.28463
cell_0034_0055,1.9829304
cell_0034_0056,2.514559
cell_0034_0057,1.1014872
cell_0034_0058,1.1522533
cell_0034_0059,1.1117283
cell_0034_0060,1.1263005
cell_0034_0061,0.63515985
cell_0034_0062,3.7155442
cell_0034_0063,1.851969
cell_0034_0064,2.6358967
cell_0035_0008,1.729395
cell_0035_0009,0.89302063
cell_0035_0010,0.71252054
cell_0035_0011,0.89671755
cell_0035_0012,1.0057187
cell_0035_0013,1.1044917
cell_0035_0023,1.191859
cell_0035_0024,1.9289012
cell_0035_0025,2.2260299
cell_0035_0026,1.1032064
cell_0035_0027,1.0333878
cell_0035_0028,1.0451391
cell_0035_0029,0.9388801
cell_0035_0030,0.8862214
cell_0035_0031,0.95299435
cell_0035_0032,0.9021724
cell_0035_0033,0.9967558
cell_0035_0034,1.3469846
cell_0035_0035,1.0921862
cell_0035_0036,1.4007733
cell_0035_0037,1.3208158
cell_0035_0038,1.2983227
cell_0035_0039,1.0179757
cell_0035_0040,1.2607915
cell_0035_0041,0.927136
cell_0035_0042,1.0372307
cell_0035_0043,1.2998705
cell_0035_0044,0.96175826
cell_0035_0045,0.9633257
cell_0035_0046,0.90167135
cell_0035_0047,0.9894024
cell_0035_0048,0.9067371
cell_0035_0049,0.9849488
cell_0035_0050,1.0324998
cell_0035_0051,1.182186
cell_0035_0052,1.3752751
cell_0035_0053,3.5896797
cell_0035_0055,2.9831777
cell_0035_0056,1.9378234
cell_0035_0057,1.1094515
cell_0035_0058,1.1759303
cell_0035_0059,1.0470879
cell_0035_0060,1.2095971
cell_0035_0062,1.7033315
cell_0035_0063,1.7110915
cell_0035_0064,3.5196548
cell_0035_0065,3.3246384
cell_0036_0009,1.3298099
cell_0036_0010,0.7386029
cell_0036_0011,0.684878
cell_0036_0012,0.9425981
cell_0036_0013,0.7105139
cell_0036_0014,1.126035
cell_0036_0024,1.5859609
cell_0036_0025,1.9717485
cell_0036_0026,1.291307
cell_0036_0027,1.8483431
cell_0036_0028,1.16475
cell_0036_0029,1.119252
cell_0036_0030,1.3116748
cell_0036_0031,0.94970083
cell_0036_0032,1.5382646
cell_0036_0033,1.2116493
cell_0036_0034,1.307624
cell_0036_0035,0.94306266
cell_0036_0036,1.0598263
cell_0036_0037,1.1711515
cell_0036_0038,1.3345819
cell_0036_0039,1.550252
cell_0036_0040,1.205512
cell_0036_0041,0.94375527
cell_0036_0042,1.2265263
cell_0036_0043,1.7714217
cell_0036_0044,2.0639262
cell_0036_0045,1.1862535
cell_0036_0046,1.005657
cell_0036_0047,0.92974335
cell_0036_0048,0.9658257
cell_0036_0049,1.0520586
cell_0036_0050,1.0647447
cell_0036_0051,0.9628823
cell_0036_0052,1.5857444
cell_0036_0053,1.8960788
cell_0036_0054,1.2188103
cell_0036_0055,2.9308257
cell_0036_0056,3.3003302
cell_0036_0057,1.7382454
cell_0036_0058,0.86185694
cell_0036_0059,0.95288223
cell_0036_0060,1.3589706
cell_0036_0061,1.5946933
cell_0036_0062,1.5695004
cell_0036_0063,1.305181
cell_0036_0064,1.2954363
cell_0036_0065,2.24023
cell_0036_0066,2.5461965
cell_0036_0067,0.6630238
cell_0037_0009,1.1011685
cell_0037_0010,1.4033936
cell_0037_0011,1.2085533
cell_0037_0012,0.981492
cell_0037_0013,0.9778037
cell_0037_0014,0.99135447
cell_0037_0024,1.4388082
cell_0037_0025,1.272237
cell_0037_0026,1.1258857
cell_0037_0027,1.0855103
cell_0037_0028,1.143985
cell_0037_0029,1.2742336
cell_0037_0030,1.1841844
cell_0037_0031,1.1076777
cell_0037_0032,1.2951128
cell_0037_0033,1.1300063
cell_0037_0034,1.1849065
cell_0037_0035,0.8433734
cell_0037_0036,0.99455464
cell_0037_0037,1.0322783
cell_0037_0038,2.1441917
cell_0037_0039,1.4909301
cell_0037_0040,1.038204
cell_0037_0041,0.9285472
cell_0037_0042,1.1153992
cell_0037_0043,1.010009
cell_0037_0044,1.40786
cell_0037_0045,2.340856
cell_0037_0046,0.9544258
cell_0037_0047,1.3063695
cell_0037_0048,1.0503128
cell_0037_0049,1.0946507
cell_0037_0050,1.1286829
cell_0037_0051,1.3168769
cell_0037_0052,1.3552448
cell_0037_0053,1.2651154
cell_0037_0054,1.2414532
cell_0037_0055,2.660466
cell_0037_0056,3.6158028
cell_0037_0057,1.0423862
cell_0037_0058,1.1290141
cell_0037_0059,4.024204
cell_0037_0060,2.9389706
cell_0037_0061,2.0260732
cell_0037_0062,4.036468
cell_0037_0063,2.9209166
cell_0037_0064,1.0647366
cell_0037_0065,1.4203709
cell_0037_0066,2.0702243
cell_0037_0067,1.0031583
cell_0037_0068,0.642606
cell_0038_0010,1.5702221
cell_0038_0011,1.2233136
cell_0038_0012,1.1623993
cell_0038_0013,1.1908007
cell_0038_0014,1.2143773
cell_0038_0026,1.162237
cell_0038_0027,1.3050927
cell_0038_0028,1.0641901
cell_0038_0029,1.155109
cell_0038_0030,1.6354942
cell_0038_0031,0.9010898
cell_0038_0032,0.952902
cell_0038_0033,1.1072016
cell_0038_0034,1.0387185
cell_0038_0035,0.89439344
cell_0038_0036,0.87535614
cell_0038_0037,0.7635677
cell_0038_0038,0.8201195
cell_0038_0039,0.9094337
cell_0038_0040,1.1741266
cell_0038_0041,0.90130866
cell_0038_0042,0.92084813
cell_0038_0043,0.88650465
cell_0038_0044,1.1059377
cell_0038_0045,0.9114687
cell_0038_0046,0.9565842
cell_0038_0047,0.97933
cell_0038_0048,0.95212674
cell_0038_0049,0.8530626
cell_0038_0050,1.1025434
cell_0038_0051,1.2253578
cell_0038_0052,1.2528348
cell_0038_0053,1.0827115
cell_0038_0054,1.1799793
cell_0038_0055,1.9793482
cell_0038_0056,1.0220538
cell_0038_0057,1.0484885
cell_0038_0058,2.6412973
cell_0038_0059,4.715103
cell_0038_0060,3.019701
cell_0038_0061,1.7031491
cell_0038_0062,1.9217665
cell_0038_0063,1.9192489
cell_0038_0064,0.9379877
cell_0038_0065,0.8714871
cell_0038_0066,0.8301581
cell_0038_0067,1.2923573
cell_0038_0068,0.8959379
cell_0039_0010,1.4543388
cell_0039_0011,0.9177989
cell_0039_0012,1.0147456
cell_0039_0013,1.0487175
cell_0039_0014,1.3757932
cell_0039_0015,0.8981913
cell_0039_0026,1.3659761
cell_0039_0027,1.1704333
cell_0039_0028,1.1263531
cell_0039_0029,1.1080083
cell_0039_0030,1.1968546
cell_0039_0031,0.58752346
cell_0039_0032,0.9674294
cell_0039_0033,1.0330371
cell_0039_0034,0.6531765
cell_0039_0035,0.64634585
cell_0039_0036,2.0501065
cell_0039_0037,1.4221518
cell_0039_0038,0.7188008
cell_0039_0039,0.8480419
cell_0039_0040,1.161867
cell_0039_0041,1.3399795
cell_0039_0042,1.1454046
cell_0039_0043,1.0353609
cell_0039_0044,0.8441682
cell_0039_0045,0.87774956
cell_0039_0046,0.97334206
cell_0039_0047,1.1725723
cell_0039_0048,1.0757701
cell_0039_0049,1.6126355
cell_0039_0050,1.0086279
cell_0039_0051,0.9268665
cell_0039_0052,1.0232772
cell_0039_0053,0.9360641
cell_0039_0054,0.9620017
cell_0039_0055,1.0708758
cell_0039_0056,0.9663128
cell_0039_0057,1.047608
cell_0039_0058,1.5329669
cell_0039_0059,2.216907
cell_0039_0060,1.8899885
cell_0039_0061,2.0018091
cell_0039_0062,2.1698143
cell_0039_0063,2.1237442
cell_0039_0064,1.0099733
cell_0039_0065,0.7270125
cell_0039_0066,1.0815077
cell_0039_0067,1.2361642
cell_0039_0068,0.8630103
cell_0039_0069,0.8387246
cell_0040_0010,1.4192125
cell_0040_0011,0.90327525
cell_0040_0012,1.0271434
cell_0040_0013,1.0529529
cell_0040_0014,0.9843001
cell_0040_0015,0.76548994
cell_0040_0029,0.84096146
cell_0040_0030,1.9321427
cell_0040_0031,1.154934
cell_0040_0032,1.0518464
cell_0040_0033,1.2816322
cell_0040_0034,2.110717
cell_0040_0035,2.0814967
cell_0040_0037,1.4699879
cell_0040_0038,1.0095993
cell_0040_0039,0.7363781
cell_0040_0040,1.0837855
cell_0040_0041,0.93946904
cell_0040_0042,1.0673306
cell_0040_0043,1.270426
cell_0040_0044,0.9795064
cell_0040_0045,1.0365318
cell_0040_0046,1.3468195
cell_0040_0047,1.3073099
cell_0040_0048,1.2681776
cell_0040_0049,1.3687658
cell_0040_0050,1.320463
cell_0040_0051,1.2965778
cell_0040_0052,1.3602073
cell_0040_0053,1.4064229
cell_0040_0054,1.1707673
cell_0040_0055,1.0720924
cell_0040_0056,1.018229
cell_0040_0057,0.9439906
cell_0040_0058,0.9568318
cell_0040_0059,1.040805
cell_0040_0060,1.3968163
cell_0040_0061,0.74917924
cell_0040_0062,2.0398512
cell_0040_0063,1.792286
cell_0040_0064,1.1142821
cell_0040_0065,1.0887551
cell_0040_0066,1.0536535
cell_0040_0067,1.0041546
cell_0040_0068,0.98738647
cell_0040_0069,0.93899286
cell_0040_0070,0.61674994
cell_0041_0002,1.3533343
cell_0041_0003,1.636054
cell_0041_0010,1.6737592
cell_0041_0011,1.1839709
cell_0041_0012,0.93071216
cell_0041_0013,1.0971339
cell_0041_0014,1.4099779
cell_0041_0015,1.4793458
cell_0041_0028,2.1004448
cell_0041_0029,2.5861313
cell_0041_0030,0.5963258
cell_0041_0032,1.9976038
cell_0041_0033,1.2617066
cell_0041_0034,1.1576099
cell_0041_0035,0.98560643
cell_0041_0040,0.77009034
cell_0041_0041,1.0945914
cell_0041_0042,1.048213
cell_0041_0043,0.8046931
cell_0041_0044,1.2791811
cell_0041_0045,0.97510284
cell_0041_0046,1.3536057
cell_0041_0047,0.9470048
cell_0041_0048,0.9486444
cell_0041_0049,1.178712
cell_0041_0050,1.0594219
cell_0041_0051,1.2098291
cell_0041_0052,1.2599528
cell_0041_0053,1.2988087
cell_0041_0054,1.4209166
cell_0041_0055,1.0813656
cell_0041_0056,1.0305165
cell_0041_0057,1.0159259
cell_0041_0058,1.287142
cell_0041_0059,0.9656409
cell_0041_0060,1.1990278
cell_0041_0061,1.2719429
cell_0041_0062,2.4605854
cell_0041_0063,1.3435607
cell_0041_0064,1.9115877
cell_0041_0065,1.0296429
cell_0041_0066,1.0612622
cell_0041_0067,1.1634045
cell_0041_0068,0.91616863
cell_0041_0069,0.8217197
cell_0041_0070,0.8600954
cell_0041_0071,0.8513593
cell_0042_0001,1.6465962
cell_0042_0002,1.1409335
cell_0042_0003,1.1513705
cell_0042_0011,0.9261739
cell_0042_0012,1.7119794
cell_0042_0013,1.2211226
cell_0042_0014,1.6322603
cell_0042_0034,1.9148619
cell_0042_0035,2.1740222
cell_0042_0041,0.8024225
cell_0042_0042,1.4810822
cell_0042_0043,0.9836387
cell_0042_0044,0.7846637
cell_0042_0045,0.94883466
cell_0042_0046,0.99749196
cell_0042_0047,0.90938085
cell_0042_0048,0.9811504
cell_0042_0049,1.2950743
cell_0042_0050,0.92528534
cell_0042_0051,0.91137534
cell_0042_0052,1.1597905
cell_0042_0053,1.2462535
cell_0042_0054,1.2816796
cell_0042_0055,1.5787637
cell_0042_0056,1.0083685
cell_0042_0057,1.0142859
cell_0042_0058,0.8860002
cell_0042_0059,1.8578389
cell_0042_0060,2.350881
cell_0042_0061,1.1490071
cell_0042_0062,1.8907732
cell_0042_0063,1.2431568
cell_0042_0064,1.159384
cell_0042_0065,1.0183669
cell_0042_0066,1.0159328
cell_0042_0067,1.0919114
cell_0042_0068,1.2121987
cell_0042_0069,1.0075768
cell_0042_0070,0.8901251
cell_0042_0071,0.904094
cell_0042_0072,0.9603276
cell_0043_0001,1.5155957
cell_0043_0002,1.2174445
cell_0043_0003,1.5796973
cell_0043_0034,1.9038932
cell_0043_0035,0.9137675
cell_0043_0046,0.88506746
cell_0043_0047,0.9143554
cell_0043_0048,1.0773978
cell_0043_0049,1.0335656
cell_0043_0050,0.91043925
cell_0043_0051,0.8556148
cell_0043_0052,0.97372717
cell_0043_0053,0.9179728
cell_0043_0054,1.0234455
cell_0043_0055,1.1143429
cell_0043_0056,1.1827871
cell_0043_0057,1.4731376
cell_0043_0058,1.196096
cell_0043_0059,1.114351
cell_0043_0060,1.1209426
cell_0043_0061,1.6956189
cell_0043_0062,1.5934095
cell_0043_0063,1.040684
cell_0043_0064,1.1688383
cell_0043_0065,1.0098022
cell_0043_0066,0.91556466
cell_0043_0067,0.97176385
cell_0043_0068,0.9146307
cell_0043_0069,1.3184104
cell_0043_0070,0.9165001
cell_0043_0071,1.0061588
cell_0043_0072,0.7542347
cell_0044_0001,1.9839377
cell_0044_0051,0.6111661
cell_0044_0052,0.93630946
cell_0044_0053,1.1293052
cell_0044_0054,1.1094517
cell_0044_0055,0.94393355
cell_0044_0056,1.0952263
cell_0044_0057,1.3500121
cell_0044_0058,1.278537
cell_0044_0059,0.9136032
cell_0044_0060,0.8597586
cell_0044_0061,1.0436888
cell_0044_0062,2.603106
cell_0044_0063,3.3494973
cell_0044_0064,2.6009293
cell_0044_0065,0.9494418
cell_0044_0066,1.8816946
cell_0044_0067,4.0040975
cell_0044_0068,1.5930544
cell_0044_0069,0.7469927
cell_0044_0070,0.7213055
cell_0045_0049,0.9232602
cell_0045_0050,1.2703584
cell_0045_0051,1.0263923
cell_0045_0052,0.59645224
cell_0045_0053,0.72042817
cell_0045_0054,0.98825604
cell_0045_0055,0.6778604
cell_0045_0056,1.2561024
cell_0045_0057,0.8982136
cell_0045_0058,0.92277443
cell_0045_0059,1.2333474
cell_0045_0060,1.0300715
cell_0045_0061,0.95729136
cell_0045_0062,1.5033534
cell_0045_0063,1.7111104
cell_0045_0064,1.0960654
cell_0045_0065,1.2434913
cell_0045_0066,0.9501804
cell_0045_0067,1.8677115
cell_0045_0068,1.1328992
cell_0046_0049,1.2711904
cell_0046_0050,1.357469
cell_0046_0051,0.89261675
cell_0046_0052,0.76602805
cell_0046_0053,0.61445415
cell_0046_0054,0.8073617
cell_0046_0055,0.69008636
cell_0046_0056,0.7197271
cell_0046_0057,0.6696533
cell_0046_0058,0.65762454
cell_0046_0059,1.0661681
cell_0046_0060,1.0514295
cell_0046_0061,1.4684395
cell_0046_0062,0.92082614
cell_0046_0063,1.0976162
cell_0046_0064,1.651732
cell_0046_0065,1.00409
cell_0046_0066,0.99047655
cell_0046_0067,1.063057
cell_0046_0068,1.2396224
cell_0047_0010,1.9345703
cell_0047_0049,0.80453813
cell_0047_0050,0.8837819
cell_0047_0051,0.944628
cell_0047_0052,0.7668336
cell_0047_0053,0.7012661
cell_0047_0054,0.80820024
cell_0047_0055,0.6779266
cell_0047_0056,0.8281296
cell_0047_0057,0.6247676
cell_0047_0058,0.59362876
cell_0047_0059,1.3641657
cell_0047_0060,0.84802145
cell_0047_0061,1.2262138
cell_0047_0062,1.1465806
cell_0047_0063,0.9926965
cell_0047_0064,1.0368215
cell_0047_0065,1.1771581
cell_0047_0066,1.2787796
cell_0047_0067,0.9314641
cell_0048_0050,0.73870105
cell_0048_0051,0.7681364
cell_0048_0052,0.76956815
cell_0048_0053,0.863013
cell_0048_0054,0.73794496
cell_0048_0055,0.9889358
cell_0048_0056,1.0025566
cell_0048_0057,0.73724985
cell_0048_0058,0.9033312
cell_0048_0059,1.0460199
cell_0048_0060,0.6548145
cell_0048_0061,0.8089908
cell_0048_0062,0.948689
cell_0048_0063,0.6194781
cell_0048_0064,0.76969844
cell_0048_0065,1.230889
cell_0048_0066,0.9549072
cell_0048_0067,0.8786782
cell_0049_0013,1.3376077
cell_0049_0050,1.2199198
cell_0049_0051,1.0381038
cell_0049_0052,0.8602494
cell_0049_0053,0.76972914
cell_0049_0054,0.8367084
cell_0049_0055,0.90121543
cell_0049_0056,1.1072425
cell_0049_0057,0.98057973
cell_0049_0058,1.0467739
cell_0049_0059,0.6119722
cell_0049_0060,0.66124225
cell_0049_0061,0.6700857
cell_0049_0062,0.61399543
cell_0049_0063,1.3275117
cell_0049_0064,0.84987926
cell_0049_0065,0.8276726
cell_0049_0066,0.82021254
cell_0049_0067,0.7748791
cell_0050_0013,1.2389071
cell_0050_0014,1.6858991
cell_0050_0051,1.6739163
cell_0050_0052,1.2236031
cell_0050_0053,0.7540355
cell_0050_0054,0.867109
cell_0050_0055,0.90573126
cell_0050_0056,0.9123188
cell_0050_0057,0.75796974
cell_0050_0058,0.8487952
cell_0050_0059,0.7099555
cell_0050_0060,0.77860427
cell_0050_0061,0.53370434
cell_0050_0062,0.6635191
cell_0050_0064,0.71718013
cell_0050_0065,0.74572337
cell_0050_0066,0.6476758
cell_0051_0052,1.5242077
cell_0051_0053,1.0898621
cell_0051_0054,1.1790774
cell_0051_0055,0.75516665
cell_0051_0056,0.7646965
cell_0051_0057,0.78266037
cell_0051_0058,0.79094344
cell_0051_0059,1.245904
cell_0052_0053,1.349864
cell_0052_0054,0.9677264
cell_0052_0055,0.96337837
cell_0052_0056,0.8950088
cell_0052_0057,0.8561624
cell_0052_0058,1.2280942
cell_0052_0059,1.1952763
cell_0052_0060,1.4273018
cell_0052_0061,1.3498268
cell_0053_0055,1.2701252
cell_0053_0056,1.3303576
cell_0053_0057,1.0452688
cell_0053_0058,0.8635193
cell_0053_0059,1.0944091
cell_0054_0057,1.1386166
cell_0054_0058,1.2273128
cell_0054_0059,1.6607509
cell_0055_0059,0.79011655
cell_0056_0054,0.66943204
cell_0056_0055,0.88293505
cell_0058_0058,0.6870217
