grid_id,pred_scaled_catboost,pred_scaled_rf
17_0,0.3109043005782768,0.3093762789134972
18_0,0.3110191676668276,0.308996341886962
19_0,0.3110563094948647,0.3089183988280471
16_1,0.3085083014656449,0.3328801112004271
17_1,0.3111249242683095,0.309590279635922
18_1,0.3108002922579819,0.308996341886962
19_1,0.3116917907955353,0.3089183988280471
42_1,0.732839226213028,0.7321840670050044
43_1,0.7406192372996324,0.7320047199378029
44_1,0.7410364618159524,0.7321840670050044
15_2,0.3132094412959778,0.3404190307188702
16_2,0.3119002537355224,0.3402113233904155
26_2,0.7579035646289921,0.7671484896853198
27_2,0.7605332007172513,0.7675043014238636
28_2,0.7752409727278224,0.7684606416740678
41_2,0.7319924543429548,0.7321035195321055
42_2,0.732598241095088,0.7327044508943038
43_2,0.7380754854174557,0.7323913360873523
44_2,0.7408575923971551,0.7301906992111813
15_3,0.3141718395054201,0.3446329383492171
16_3,0.3039811494306322,0.302174626992283
21_3,0.5429468119310599,0.5397655366021663
22_3,0.401627879227463,0.4038896950738969
23_3,0.4060942319149838,0.4029432624632223
24_3,0.4080309299205615,0.403434290154093
25_3,0.4235105080865895,0.4069386925436609
26_3,0.7324500052430105,0.7221410578338865
27_3,0.7455625302868133,0.7426778589358173
28_3,0.7744827865598038,0.7686144996809616
29_3,0.7705644321591457,0.7659627075968294
30_3,0.7691814118332875,0.7640000881995521
41_3,0.724055589455516,0.7282068006204523
42_3,0.7309185257125823,0.7327044508943038
43_3,0.732328169909384,0.7300573017718288
19_4,0.2374350529760173,0.2358191823009672
20_4,0.4449156950100836,0.4449156950100834
21_4,0.5270480338538406,0.5269437021020151
22_4,0.532229494074286,0.5355777377272327
23_4,0.394301533076092,0.3995568016604189
24_4,0.3968081970675977,0.4012887394910577
25_4,0.3984924710593656,0.4021144301992055
26_4,0.3824946847251553,0.3817467522324885
29_4,0.7579358889156637,0.760092817010336
16_5,0.3758849353944877,0.3758849353944817
17_5,0.2687104338093534,0.2685440040010189
18_5,0.2972467324711759,0.2972467324711758
19_5,0.234433250478971,0.2353423345465717
20_5,0.3055822457158801,0.3055822457158799
21_5,0.5147911812405989,0.5147911812405987
22_5,0.3913027439827038,0.3896570951129789
23_5,0.3874181273365347,0.3800268119506512
24_5,0.388516790676586,0.3966057136124327
25_5,0.3683391957206174,0.3757836584850856
26_5,0.3725965237489293,0.3778255975880361
27_5,0.3757929689165368,0.3749724571137035
28_5,0.3922711702262029,0.3870008451679523
13_6,0.4010960299795899,0.4032054558393132
14_6,0.4038333220904112,0.4047709452336775
15_6,0.4015698953493366,0.4017381658711897
16_6,0.3509809559938746,0.3532651670771982
17_6,0.2672320297828948,0.267318947320972
18_6,0.2756970797802087,0.2756970797802088
19_6,0.3150497499863193,0.3150497499863193
20_6,0.2328941149325855,0.2307435268332794
21_6,0.2318748035270773,0.2306509870448786
22_6,0.3251965882323113,0.3252317852365604
23_6,0.3263893133710788,0.3258576685942089
24_6,0.3786656165949124,0.3778732613728893
25_6,0.3645754822925415,0.3600106733559942
26_6,0.3682397630423427,0.3640252080887847
27_6,0.3735045998171468,0.3759108054934266
28_6,0.627410784550797,0.6285551572883568
29_6,0.6670891675645017,0.6543488417001577
31_6,0.7981109799291379,0.7981109799291379
33_6,0.6987428784104631,0.6925638155335496
12_7,0.4685868417618354,0.4652772355266161
13_7,0.3980901860227652,0.4028030869439517
14_7,0.4017876758433917,0.404335283476897
15_7,0.3986721701260427,0.386922441220054
16_7,0.3515273603178876,0.3509062612271275
17_7,0.3444732370163479,0.3366240263641338
18_7,0.2598016661168196,0.2564474575442742
19_7,0.2547262284554059,0.2559562550145738
20_7,0.2280733670330922,0.2304154981992448
21_7,0.1895310102000178,0.1895310102000178
22_7,0.3225274061911911,0.3220180296676512
23_7,0.3242520241968932,0.3253889324996234
24_7,0.2840680099870736,0.2865990413618783
25_7,0.3552553606004902,0.360033281252815
26_7,0.3627104969712034,0.3634174838725931
27_7,0.3974002320802798,0.3922111753716021
28_7,0.4072640591467726,0.4067800369346738
32_7,0.6913300804116439,0.6839123087833845
33_7,0.696662426662516,0.691063208596009
34_7,0.6911590624050079,0.6926198592822659
10_8,0.4734265625529735,0.4729384111596875
11_8,0.4701156246250215,0.4728166153924986
12_8,0.4661466926667469,0.4677381338032671
13_8,0.3149029345042111,0.3208449622486335
14_8,0.3138335744165832,0.3089963075579152
15_8,0.3533736151030073,0.3495155347197954
16_8,0.3483498896611913,0.3475753051134436
17_8,0.3400578038832563,0.3465333123853343
18_8,0.2561299974021504,0.2568158114330822
19_8,0.2558383538418227,0.2559076114708639
20_8,0.3008396902122659,0.3014737911892154
21_8,0.2081773767593869,0.2086911365757358
22_8,0.2107583440410897,0.2093504932021496
23_8,0.2797047280979659,0.2820889954307128
24_8,0.2838496616282273,0.2869957234136673
25_8,0.3338618656367196,0.3343199794112674
26_8,0.3356093633967029,0.3398726668828698
27_8,0.3950756603542429,0.4001115506168466
28_8,0.4058169045755541,0.405784161484275
29_8,0.4142871723034275,0.4131674137694437
30_8,0.5129093804936002,0.4968701277673258
32_8,0.6627448134688304,0.6558590813043861
33_8,0.6938785237104809,0.67763170522859
34_8,0.6852108935213576,0.6925461848354083
35_8,0.6913281799161521,0.6938468171488459
7_9,0.4658660473025992,0.4683882837261809
9_9,0.329311729537371,0.3295381953636002
10_9,0.3293438562323187,0.3310456494623195
11_9,0.4698356194899714,0.47468823897726
12_9,0.4685658361324332,0.4719287068570079
13_9,0.3153784018931773,0.3096496311541578
14_9,0.3085840634525845,0.3098821584702335
15_9,0.3481971536155763,0.3507564509154151
16_9,0.2988453555522998,0.2972777800751299
17_9,0.2966592460352212,0.2975202015028372
18_9,0.2960945760777385,0.2970166823414568
19_9,0.2952772892515405,0.299089335971634
20_9,0.3028454563698766,0.3013636843205007
21_9,0.2086837108270588,0.2087290617737186
22_9,0.2780902674953541,0.2784281205096169
23_9,0.2792646285556342,0.2800827354455935
24_9,0.282453454197935,0.2847885787879283
25_9,0.332568552802896,0.3311213786237761
26_9,0.3340329173159427,0.3337057909845312
27_9,0.3867363348649557,0.3868002714965919
28_9,0.4006441239240316,0.4023431505841746
29_9,0.4799274160471195,0.4796783753455335
30_9,0.4913031838319642,0.4844721136929601
31_9,0.5896986081674943,0.5891539049233814
33_9,0.6611796811105892,0.6512400625679496
34_9,0.696145252402681,0.6922599856729726
35_9,0.6885712779364829,0.6926879924636291
36_9,0.6921215549322305,0.6931137646138976
37_9,0.7042611389994489,0.6940149609244464
5_10,0.3349797172821221,0.334002352575914
6_10,0.4681225691384528,0.4659504351091452
7_10,0.4678559395040095,0.4687997549038228
8_10,0.415254786712684,0.4194778388306557
9_10,0.3312547350818364,0.3313686012380339
10_10,0.331255872732907,0.33083279410601
11_10,0.4778835295155056,0.4742098815450248
12_10,0.4701846035121827,0.4743418728663815
13_10,0.4717840384406568,0.4753448445324063
14_10,0.3627613027888749,0.3732174405998142
15_10,0.3653263460568199,0.3576387782772631
16_10,0.3064954079345978,0.3023824309204097
17_10,0.3040913261733706,0.3008576036883285
18_10,0.302885040849941,0.302539083699306
19_10,0.3020560652715818,0.2992865396800349
20_10,0.3018479370814985,0.2993293344619905
21_10,0.2505601262704658,0.2495276986452153
22_10,0.2806122381865651,0.2789728025417755
23_10,0.2830211249876924,0.2814631099891659
24_10,0.2831737190070352,0.2819247810692657
25_10,0.3325912797081525,0.3277100383730181
26_10,0.3817245200895587,0.3814572172656483
27_10,0.3824744706660892,0.3838994231083885
28_10,0.391811531524264,0.3910460923610547
29_10,0.4762338364310831,0.4718976191643947
30_10,0.48124587788162,0.4835076688561775
31_10,0.572442716255316,0.5725122041767436
33_10,0.6544072436498143,0.6466230701570803
34_10,0.6646506049227676,0.6553834693108636
35_10,0.6857007510573835,0.692228601028866
36_10,0.6880054870886474,0.692929110480119
37_10,0.6939874938059157,0.6945466002511869
38_10,0.6946260820058542,0.6941486954636236
39_10,0.6918644869629205,0.6932756754483258
40_10,0.6909750444253535,0.6939963304803116
41_10,0.6965706819660985,0.6944167823193561
47_10,0.7109431685443272,0.7160787641845383
4_11,0.3345572868515541,0.3340330634893592
5_11,0.3350000025727054,0.3348041856433075
6_11,0.4616687827018096,0.4654755056321578
7_11,0.4147612130662109,0.4157845843543017
8_11,0.4153732378312438,0.4036685751923163
9_11,0.3336247169228918,0.3303105294718132
10_11,0.3350657915140446,0.3329633892850945
11_11,0.3346944230144717,0.3335004797931597
12_11,0.4978112311315693,0.4823876912868308
13_11,0.5054063294140515,0.4891750852958356
14_11,0.3866323061410674,0.3827442402040826
15_11,0.3775472016933137,0.3687686598101444
16_11,0.3356359053003836,0.3279580600421024
17_11,0.3296737697347804,0.3219519826453889
18_11,0.3077295661803816,0.3046192157204973
19_11,0.3055327766267113,0.3024570182751426
20_11,0.3056890082717213,0.3017915937694312
21_11,0.2520769315649234,0.2530083299276562
22_11,0.3164593764680181,0.3166211679223574
23_11,0.3152865310782865,0.3147644912207277
24_11,0.2840553482366169,0.2827957228296119
25_11,0.2835455787477721,0.2842127701782612
26_11,0.3811367749762432,0.3810835416615156
27_11,0.3829793915163192,0.3833222844546524
28_11,0.3864340429082545,0.3899785149038122
29_11,0.3899228380948193,0.3992480009690284
30_11,0.4783316911002456,0.4797789457319761
31_11,0.572630623856259,0.5719408765569596
34_11,0.6528572401579938,0.6548834047980524
35_11,0.6527509981787327,0.6589445951563254
36_11,0.6823414671909721,0.6939234266615407
37_11,0.6890018474289875,0.6947620247913383
38_11,0.6918682023192214,0.6939161624848837
39_11,0.6878527593975221,0.6898214030891622
40_11,0.6841252330421981,0.6619936876867831
41_11,0.6953289217292639,0.6944086288152187
42_11,0.6985888593023696,0.6942771917956132
3_12,0.2483013219354564,0.2469558134834687
4_12,0.3333091617005512,0.3337832676607075
5_12,0.3324154313452113,0.3328536557746245
6_12,0.3469042785134326,0.3475146612397993
7_12,0.3467196955493221,0.3430980573551726
8_12,0.420729751979114,0.4218509427541516
9_12,0.5795956648498195,0.5882504439305044
10_12,0.5918413519201988,0.5955141051874473
11_12,0.596474514908067,0.6010505491078696
12_12,0.6100786769677121,0.6044375078015837
13_12,0.3942413389074377,0.3893405264576363
14_12,0.3896001768769015,0.3887887273560908
15_12,0.384751140162455,0.3877543626162677
16_12,0.3480739910122077,0.34726025831901
17_12,0.3395180608906048,0.3455448701005886
18_12,0.3138062951767689,0.3115988119936146
19_12,0.3112003019755216,0.3044019448064753
20_12,0.310262659231972,0.3045165104382537
21_12,0.256913496759232,0.2546098925892397
22_12,0.317998719946488,0.3186212058267431
23_12,0.3162882528693767,0.3169180602326966
24_12,0.284943174255972,0.2843335123171202
25_12,0.3774748086035135,0.3770600478580558
26_12,0.3780924795709712,0.3775018027351862
27_12,0.3101206651609053,0.3085646506147766
28_12,0.3122901664489913,0.3161914023897933
29_12,0.3923719218205143,0.4011912762095204
30_12,0.4810308279884696,0.4917212092377915
31_12,0.5002479223076667,0.5138535228606793
34_12,0.6552518820392346,0.6656463438822458
35_12,0.658047116479684,0.6668277475584437
36_12,0.6516629072963985,0.6623156704263591
37_12,0.6565932240854023,0.6633178515988796
38_12,0.655849104447047,0.6595332271596656
39_12,0.6515484667484316,0.603181714157043
40_12,0.67439020031821,0.6171006826966434
41_12,0.6861295738449982,0.6704687716782315
42_12,0.6700827439431427,0.6736374812738657
3_13,0.2471247268301252,0.2465689664120146
4_13,0.2462880862092751,0.24875211499457
5_13,0.3295438706436562,0.3318714861437603
6_13,0.4498064544063338,0.4533883456519748
7_13,0.3450149516456797,0.360381883602201
8_13,0.3601709529479154,0.3668979569531306
9_13,0.5997627152480992,0.6012518220840771
10_13,0.6030416140997006,0.6007870244221863
11_13,0.6054985382485041,0.6020590143066803
12_13,0.6162141068226641,0.6058594309387281
13_13,0.6172858735379574,0.6058594309387281
14_13,0.390297690559395,0.3894024834896657
15_13,0.3841264700863704,0.3887221154404711
16_13,0.3473361247811625,0.3484717481573206
17_13,0.3426169715033877,0.3458147788309232
18_13,0.292359257881908,0.2882378749085901
19_13,0.2856458887847989,0.2794029904008443
20_13,0.3159085535413847,0.3104236042663859
21_13,0.3509587820045829,0.3409961390667606
22_13,0.3250056782268899,0.3223091506058529
23_13,0.3843146925174678,0.3781009447865322
24_13,0.382419424567176,0.3807772557026519
25_13,0.37918833298987,0.3818801194999103
26_13,0.3097512344569421,0.3083007695717741
27_13,0.3101619085394692,0.3108542236016213
28_13,0.3141611541562155,0.3166542189332765
29_13,0.3597966784938813,0.3714783354157022
30_13,0.3710369592235715,0.3759367933956513
31_13,0.4961757990296939,0.5037587773290149
32_13,0.396997243556259,0.395083214904493
34_13,0.6617881051470031,0.6665215477867763
35_13,0.6600388558324412,0.6671253420915574
36_13,0.6581407363632223,0.6666662801289781
37_13,0.6585061258526874,0.6664044817543661
38_13,0.654306585314333,0.6604358947840097
39_13,0.6477339815070465,0.6394665915473264
40_13,0.639394847787962,0.5889537695306614
41_13,0.6591530477681699,0.6105878115737307
42_13,0.6693055004753766,0.6673577845011849
49_13,0.7179185305945506,0.7164928105381707
50_13,0.7163318976807747,0.7161682958673735
2_14,0.251467552681849,0.2488345602710283
3_14,0.2479978553215872,0.2477558523762698
4_14,0.2463394128588175,0.2467065915677751
5_14,0.3878873505292327,0.3800259535040261
6_14,0.4580939071852864,0.465165385652408
7_14,0.4705993412904497,0.4742382379542639
8_14,0.4925596445629155,0.4899354888049931
9_14,0.610576276523335,0.6047581298921558
10_14,0.613921586289806,0.605329932516565
11_14,0.6156382582886242,0.6058594309387281
12_14,0.6193838358489346,0.6065086399713383
13_14,0.6189691067955693,0.6078793950763423
14_14,0.3909116158586862,0.3902009656918988
15_14,0.3522088649950692,0.3502981143933543
16_14,0.3430608826644253,0.3482973452430532
17_14,0.2963883244462719,0.3005086711941736
18_14,0.3258242110095143,0.3327456100765193
19_14,0.2912460695944644,0.2880727482329527
20_14,0.3226677680289892,0.3326153521111503
21_14,0.3589859927142079,0.3655612743693122
22_14,0.3547376511318193,0.3507689531596438
23_14,0.393447049963373,0.3994852433622516
24_14,0.3931147440121478,0.4072924624068052
25_14,0.3904211065133587,0.3905369757037099
26_14,0.314399131066414,0.3132842380804042
27_14,0.3108151786915098,0.3129168122798668
28_14,0.3548010113138122,0.3517467800878005
29_14,0.3563014030639287,0.3572753981432892
30_14,0.3680257582398509,0.3746388532188394
31_14,0.3765781670642856,0.3721015602076571
32_14,0.389779749921356,0.386250201773945
35_14,0.6632629554190631,0.6663013950539997
36_14,0.6624596911880306,0.665865496696083
37_14,0.6605492811642759,0.664543414755832
38_14,0.5248123957792458,0.5255821296134511
39_14,0.519258460126527,0.5200861322272754
40_14,0.6608929945792672,0.6631365414366649
41_14,0.662546419189858,0.6635719559066563
42_14,0.6693576487399716,0.6676163469448592
50_14,0.7169377896699601,0.7161682958673735
2_15,0.2514701691830307,0.2488255404545897
3_15,0.2484043306755021,0.2483839246642822
4_15,0.2451433845991323,0.2481057757084228
5_15,0.3951468796905199,0.3858498528623645
6_15,0.4025678049292233,0.4046488669166837
7_15,0.4895796274003452,0.5036370217051357
8_15,0.5032596860693214,0.5047820339920999
9_15,0.5065901596356474,0.5047820339920999
10_15,0.5067865931209807,0.5053709420469238
11_15,0.5113974870592698,0.505288889897188
12_15,0.622859129979573,0.6213954470688872
13_15,0.621432653726117,0.6214997639379933
14_15,0.360653878063399,0.3562882978536477
15_15,0.3560580889407202,0.3552750400394333
16_15,0.2984164726169934,0.3035587387009884
17_15,0.3449735870904555,0.3463151184273412
18_15,0.3276630341474565,0.332835786217206
19_15,0.2976955413877897,0.3002513645840632
20_15,0.3280117724752965,0.3327396535015541
21_15,0.3625168712346744,0.3655246840464033
22_15,0.4009746942641818,0.404442684878819
23_15,0.3989071010680403,0.4044831710322411
24_15,0.4047022679196639,0.4072383600082392
25_15,0.4024182908012231,0.4067662185125512
26_15,0.3972322952049782,0.3925862676116304
27_15,0.3499131037847547,0.3463151262223261
28_15,0.3473009062118617,0.3492639710075972
29_15,0.3588694456660101,0.3551570793849979
30_15,0.359134289183074,0.3585734259997138
31_15,0.3730509808409447,0.3734376515538058
32_15,0.3867565832388149,0.3773154452568016
37_15,0.5276536581947798,0.5254700707746854
38_15,0.5264192512625709,0.5253086405765579
39_15,0.6647725070136996,0.6700416306604446
40_15,0.6643212323962872,0.6639084076342732
41_15,0.666442671781358,0.6698622502575615
2_16,0.2574074598624273,0.2512902578070127
3_16,0.2539303906085817,0.249449723636273
4_16,0.254274444869856,0.2523988613405613
5_16,0.4099989890513139,0.4248222176722757
6_16,0.4150580431815983,0.4265443067917798
7_16,0.4973282971033586,0.5069859886554833
8_16,0.5053130119735726,0.5073608052675961
9_16,0.5071333342568222,0.5073858259308245
10_16,0.5076196184938649,0.5079768385319628
11_16,0.5087302543262707,0.5079311740487895
12_16,0.6210897191648025,0.6254508133175629
13_16,0.6275764953927095,0.62567927427486
14_16,0.6255109330797182,0.6257816271987794
15_16,0.6197051915526752,0.625842628847294
16_16,0.3520912578163055,0.355158509762972
17_16,0.3475312464458206,0.3480243353724429
18_16,0.330773757934456,0.3326667121135871
19_16,0.3001901353556616,0.300285552972399
20_16,0.329646379215995,0.3325856996706182
21_16,0.3629388585573037,0.3655246840464033
22_16,0.3627578077085752,0.3655246840464033
23_16,0.4031216427028697,0.404442684878819
24_16,0.4087327019519484,0.4069211242756082
25_16,0.4072805504059681,0.4067768286981859
26_16,0.4050995922216972,0.4065005686178746
27_16,0.3591932403973258,0.363758792969481
28_16,0.3537436820706299,0.3527838222258221
29_16,0.3639004160555344,0.3584184111080133
30_16,0.361578525872395,0.3597549879688734
31_16,0.3726119325614089,0.3810219866797911
32_16,0.4450630617931718,0.4401380276415786
33_16,0.4482405479478391,0.4452850013170548
2_17,0.460944337711454,0.4559261551342392
3_17,0.4575142534421106,0.4351948687403561
4_17,0.2582931146010157,0.2760267027465576
5_17,0.2633588147873559,0.2797156071392169
6_17,0.4252356176036708,0.42738148851934
7_17,0.4300806104524717,0.4274427534908154
8_17,0.5065272888947323,0.5075678148445728
9_17,0.5075795304506527,0.5078254477893889
10_17,0.5057048413811321,0.5076340794685487
11_17,0.61854803311615,0.6258814791804274
12_17,0.6121692219974921,0.6246443430219633
13_17,0.6225490105692726,0.6256203345934537
14_17,0.6283087111525589,0.6262041605414286
15_17,0.3169878745965418,0.3146323962194948
16_17,0.6089604483701485,0.6237597657952905
17_17,0.596539441987547,0.602851862024244
18_17,0.3311460174136686,0.3327581290095887
19_17,0.3318563326413846,0.3329784681850106
20_17,0.3005421496366817,0.3002775579907158
21_17,0.3655684609419396,0.3657291820144184
22_17,0.406749351569892,0.4045538379530974
23_17,0.4076496805937034,0.4049484255495585
24_17,0.5372362740462976,0.5357822599076315
25_17,0.4131580653310943,0.4074405528466929
26_17,0.4100498812698125,0.4069683001177522
27_17,0.3634923849508701,0.3649661904415124
28_17,0.2980439317089629,0.2998109747086774
29_17,0.2961725335717836,0.2999811594785552
30_17,0.3691534722250106,0.3618755367495874
31_17,0.4349758636207609,0.4365038623545315
32_17,0.4384076372170289,0.4401293286468455
33_17,0.4436099612756514,0.442390092982256
1_18,0.4743871013341621,0.4818052768011748
2_18,0.4702857935567175,0.4725634768665732
3_18,0.4658571964957655,0.4706730285170841
4_18,0.4633166720191283,0.4751032845163735
5_18,0.4704894797012701,0.4759426570813503
6_18,0.4272831352500802,0.4274819659222094
7_18,0.426301750380513,0.4267778458969335
8_18,0.4317026333890546,0.4276618114550055
9_18,0.5075204868611587,0.5078791205563451
10_18,0.507790133674867,0.5075694971748991
11_18,0.61494728048702,0.625696618483506
12_18,0.619688839814628,0.625490425793239
13_18,0.6253120848277626,0.6257673787093976
14_18,0.6323107515628916,0.6263542596672328
15_18,0.3186419822056892,0.3146478321322736
16_18,0.6216418555028767,0.625022896078631
17_18,0.6014920106578373,0.6026896308590189
18_18,0.3324538929669884,0.3330065604498425
19_18,0.370316722857482,0.3660334092173316
20_18,0.412734813757536,0.4051176616957568
21_18,0.301848409481715,0.3009069034632454
22_18,0.4106665414236037,0.4054904888595535
23_18,0.4102586154214709,0.4072307028450679
24_18,0.5412272675266503,0.5388019128065518
25_18,0.540174373091457,0.5388019128065518
26_18,0.3027985026305012,0.3013875957424927
27_18,0.3011200509075386,0.3013875957424927
28_18,0.3032807219957865,0.3014658374443459
29_18,0.4230833201772532,0.4222007770506206
30_18,0.4199195854627578,0.4215171612232015
31_18,0.4329269884082933,0.4367999011800311
32_18,0.4382113835399115,0.4428380108650792
33_18,0.4457870197829676,0.446336281356864
34_18,0.3446416710652297,0.342533946047219
1_19,0.4952174699572219,0.4944791324670683
2_19,0.4739224112398532,0.4770823479289279
3_19,0.4717675904505375,0.4763578518554788
4_19,0.4699418628150834,0.475489390531078
5_19,0.4762382763680721,0.4760537862337448
6_19,0.4743631534161222,0.4759272274833601
7_19,0.4278813257936175,0.4268696627371043
8_19,0.4281430090892458,0.4268696627371043
9_19,0.5071482368936483,0.5074950038761088
10_19,0.5081929138577259,0.5075272511356893
11_19,0.5077027138127426,0.5077583301312657
12_19,0.6165874236113581,0.6245790890759904
13_19,0.6287330188684478,0.6259763643780463
14_19,0.6315233006328352,0.6263542596672328
15_19,0.3186219715190342,0.3146478321322736
16_19,0.6295907799259626,0.626247181136582
17_19,0.6091309628626862,0.6042615927052802
18_19,0.6028320853487252,0.6023218295672382
19_19,0.412894011124487,0.4075876176827083
20_19,0.4126448037884799,0.4075876176827083
21_19,0.3026196034732787,0.3023550268160285
22_19,0.4106505641253674,0.4072307028450679
23_19,0.411044670194456,0.4072307028450679
24_19,0.5420959961882292,0.5389417414845291
25_19,0.5410609348605036,0.5389417414845291
26_19,0.3030130090508877,0.3014658374443459
27_19,0.3018286728648322,0.3014658374443459
28_19,0.4238807417428545,0.422609139999866
29_19,0.4256211923333275,0.422609139999866
30_19,0.4226598752301476,0.4225337573081123
31_19,0.4391305412343011,0.4345609293874866
32_19,0.442910424452353,0.4395640776139343
33_19,0.3401177365602228,0.3406901150402452
34_19,0.3486696427588255,0.3462975020444875
1_20,0.4992297640767986,0.4944927708966919
2_20,0.4992408740160477,0.4930007147091824
3_20,0.4962110939803022,0.4922781325005311
4_20,0.4810645937851612,0.4762810224104879
5_20,0.4858894830343267,0.4766940045573105
6_20,0.4820453161190688,0.4763875384432988
7_20,0.4246311264593396,0.431270775021318
8_20,0.4313131255650863,0.4272395809341929
9_20,0.5011838071312061,0.5068939951745004
10_20,0.5076882966069455,0.5076936348325436
11_20,0.5077439020038825,0.5077583301312657
12_20,0.6223947224982969,0.625490425793239
13_20,0.6268841971911606,0.6257673787093976
14_20,0.6307022380211433,0.6263542596672328
15_20,0.318823119103077,0.3146478321322736
16_20,0.6307302739417471,0.6263542596672328
17_20,0.6209377461406071,0.6216032650787773
18_20,0.4167625830105559,0.411883074291491
19_20,0.4144040124448643,0.4118235456554414
20_20,0.4140940990223859,0.4117604975325036
21_20,0.3028120221540673,0.3043725073973624
22_20,0.4125190628589342,0.408318036886823
23_20,0.4120456433914112,0.408318036886823
24_20,0.543750612359877,0.5402405510464101
25_20,0.542537610381001,0.5402405510464101
26_20,0.5408724822863842,0.5396298974715841
27_20,0.5380858073047067,0.5396298974715841
28_20,0.4248457273564199,0.4232454626020892
29_20,0.4271705457891995,0.4234819906364263
30_20,0.3388488169162855,0.3414410321068032
31_20,0.334997359132462,0.3413801650612763
32_20,0.337535609919369,0.3322875483800656
33_20,0.3439950042902635,0.3422613886509686
34_20,0.3546759511418078,0.3673217488276312
1_21,0.4953496842259274,0.4943623173750511
2_21,0.5007166834635287,0.4930052877647073
3_21,0.5017822624667415,0.4927177143313345
4_21,0.4364602856677662,0.4323975370942651
5_21,0.436017843369837,0.4324539721290512
6_21,0.4346838790638485,0.4324539721290512
7_21,0.432922426210286,0.4322291032181143
8_21,0.4295871003353922,0.4272395809341929
9_21,0.502651388615169,0.5068939951745004
10_21,0.5037692270627954,0.5068939951745004
11_21,0.5088565764762982,0.5077583301312657
12_21,0.5123154310296956,0.5079345137640716
13_21,0.3170095901333997,0.3145662014591492
14_21,0.3175270237659785,0.3146323962194948
15_21,0.6292668171283868,0.6263235321403489
16_21,0.6304309271359457,0.6263542596672328
17_21,0.6287216052645086,0.6261278753690063
18_21,0.4250149393135166,0.4228453496103834
19_21,0.4227170812539012,0.4227914331563922
20_21,0.4206109165282379,0.4227308101135122
21_21,0.308038344344554,0.3135884896467377
22_21,0.418596667923957,0.4204680160055613
23_21,0.4132157585289641,0.4095279907492608
24_21,0.5446962261628823,0.5409192719312392
25_21,0.5438806546935013,0.5409192719312392
26_21,0.5440806350800486,0.54126433178636
27_21,0.5434612323066781,0.5424643070731909
28_21,0.4313451590527974,0.4356359533920885
29_21,0.4314670448697618,0.4354761335441713
30_21,0.3422688600721503,0.3511115555864496
31_21,0.3391400368018922,0.3510494887108201
32_21,0.3423457478897332,0.345706457531875
33_21,0.3403918426531037,0.3400871279128941
34_21,0.3440334401876051,0.3305111185613892
0_22,0.4970140550648491,0.5002953616571038
1_22,0.4958962538757651,0.4959137881512611
2_22,0.4972302418158486,0.4931142413761649
3_22,0.5011165609967358,0.4925452743480354
4_22,0.4364734439610845,0.4324114412761491
5_22,0.4907943042478445,0.4771165641728955
6_22,0.4889625540351637,0.4771165641728955
7_22,0.4390701193226977,0.4281165901913445
8_22,0.4277455169660941,0.4314905586165022
9_22,0.5023778429340577,0.5068939951745004
10_22,0.5033665268867815,0.5068939951745004
11_22,0.5095836376918205,0.5076936348325436
12_22,0.5138307455851282,0.5080080382967977
13_22,0.3174620177856185,0.3145917510630139
14_22,0.6290187477683663,0.6262426217882129
15_22,0.6292111896652851,0.6262734227610558
16_22,0.6284405560080898,0.6263235321403489
17_22,0.6288221450753485,0.6262926591672967
18_22,0.4313130263350679,0.4240009758115292
19_22,0.4250174285685786,0.4229028010478241
20_22,0.3111700599115422,0.3137560786723448
21_22,0.4209407518194035,0.4228421669322054
22_22,0.4194102024196287,0.4227308101135122
23_22,0.5497663748619902,0.555685453038793
24_22,0.5499049552650245,0.5535944413856082
25_22,0.5499178655199888,0.5535944413856082
26_22,0.5512262883596212,0.5544944589513757
27_22,0.4332305720100484,0.4353058770263976
28_22,0.4692904136312105,0.4697046707374232
29_22,0.4691720945828486,0.4692976365628512
30_22,0.4676744494349084,0.4692976365628512
31_22,0.4623735429181478,0.4692147744338609
32_22,0.459101123029529,0.4498106126444035
33_22,0.3346001423349124,0.3345099477545837
34_22,0.4304908243036445,0.4282777621500694
0_23,0.4938527705761735,0.4997526835772268
1_23,0.494062460554297,0.4962615528216423
2_23,0.4923890254341622,0.4921488024504225
3_23,0.4983487733344903,0.4924824870219878
4_23,0.4342287932302987,0.4322291032181143
5_23,0.5132080931881169,0.4936528426942141
6_23,0.4890116790842244,0.4771165641728955
7_23,0.4405972501213586,0.4282548906764125
8_23,0.5093408188386264,0.5070426493930168
9_23,0.5036795009889761,0.5068939951745004
10_23,0.5030269846205982,0.5068939951745004
11_23,0.5097961793765435,0.5076936348325436
12_23,0.5144427240289821,0.5080736727774869
13_23,0.3180316072296098,0.3146168872421191
14_23,0.5163401176690224,0.5080080382967977
15_23,0.5163762302955796,0.5080736727774869
16_23,0.6286904446209943,0.6263233856451816
17_23,0.432905678226686,0.4241379419960056
18_23,0.4325850275932528,0.4241379419960056
19_23,0.4321247665022465,0.4240009758115292
20_23,0.4292371448229291,0.4239029437675424
21_23,0.3102348549680445,0.3137160752781454
22_23,0.5534505349149197,0.5594572481068978
23_23,0.551902502266148,0.5566940951058754
24_23,0.5505144622478539,0.5563160383414495
25_23,0.5506784856202902,0.556106760234748
26_23,0.5509746224537326,0.5565201366589831
27_23,0.4704585689551819,0.4684224395122492
28_23,0.4704459638805532,0.4697046707374232
29_23,0.4692108651708008,0.4692976365628512
30_23,0.4684748758957047,0.4692976365628512
31_23,0.4651460785877825,0.4692976365628512
32_23,0.4301997654837207,0.4289664168862762
33_23,0.4277146968876054,0.4285913753464571
34_23,0.4273875992803068,0.4278749632713673
35_23,0.4386982330920221,0.430181295986183
0_24,0.4939702954266918,0.5013082685055495
1_24,0.4956653583223563,0.4939934540251919
2_24,0.4919599259642158,0.4923956287154405
3_24,0.4978713111923334,0.4924824870219878
4_24,0.4302476011524843,0.4318644870092212
5_24,0.5120990723198034,0.4936528426942141
6_24,0.5117299702252606,0.4936528426942141
7_24,0.5151567185703213,0.5080985989484483
8_24,0.5140207204979004,0.5078593759176029
9_24,0.4262350174922003,0.4314287071746437
10_24,0.5046418550835072,0.5071754051197281
11_24,0.512294742023516,0.5079345137640716
12_24,0.5139073999269832,0.5080486286205884
13_24,0.3179331286229443,0.3146168872421191
14_24,0.5158403408441076,0.5080486286205884
15_24,0.5164795608691597,0.5080985989484483
16_24,0.5152114633818949,0.5080735539406017
17_24,0.5152888609426018,0.5080985989484483
18_24,0.4331982293402397,0.4241588494768278
19_24,0.4330044424934637,0.4241588494768278
20_24,0.4311411779455629,0.4240832497765108
21_24,0.5593881217266069,0.5595374723563181
22_24,0.3101205692297133,0.3137160752781454
23_24,0.5519003348137481,0.5567817735309003
24_24,0.5514090813445941,0.5565201366589831
25_24,0.5516565292376844,0.5565201366589831
26_24,0.5505094069694361,0.5565201366589831
27_24,0.4703317551183274,0.4684224395122492
28_24,0.4704636952889368,0.4701179398061836
29_24,0.4694356504874429,0.4692976365628512
30_24,0.468929172357189,0.4692976365628512
31_24,0.439900290447161,0.4500185410091392
32_24,0.4350555171151722,0.4301346773918783
33_24,0.4284712086607909,0.4278170183046281
34_24,0.426752341623491,0.4272521040750909
35_24,0.431931610682341,0.4282199149280729
36_24,0.4865601516409032,0.481423742075614
0_25,0.4952558479818483,0.5005007129037713
1_25,0.4944917828622021,0.4951338133490124
2_25,0.4926121985487045,0.4928336020711095
3_25,0.4980124802250306,0.4929205376359055
4_25,0.4293852910437631,0.4321024434434594
5_25,0.5106662061641146,0.4940580366669266
6_25,0.5118355422300446,0.4940676952740641
7_25,0.5154941882131483,0.5080985989484483
8_25,0.51396694574895,0.5078749767965461
9_25,0.510901960939024,0.507698175275062
10_25,0.5059135227275132,0.507685581045618
11_25,0.5137818832017976,0.5079667803677683
12_25,0.5149619528909583,0.5080486286205884
13_25,0.5152363964601072,0.5080735539406017
14_25,0.3178491324109792,0.3146478321322736
15_25,0.5162701592745964,0.5080985989484483
16_25,0.5153863404186865,0.5080735539406017
17_25,0.5154990969338147,0.5080985989484483
18_25,0.5158355827446554,0.5080985989484483
19_25,0.4335481721228388,0.4241588494768278
20_25,0.5694154698753441,0.5611718033447295
21_25,0.5664986362725944,0.5606735023744358
22_25,0.5571944082358822,0.5595374723563181
23_25,0.5525729023748704,0.5567001589922962
24_25,0.5522336650507226,0.5564385487678777
25_25,0.5515207983481573,0.5564385487678777
26_25,0.4549004798754896,0.4567885072617612
27_25,0.4547401124667198,0.4569604679720401
28_25,0.4548966414685817,0.4586667161132074
29_25,0.4548619415713898,0.4584372886347054
30_25,0.4543070912601227,0.4579242521994659
31_25,0.45179576327846,0.4579242521994659
32_25,0.4378642654437389,0.4499390829179664
33_25,0.4286796525856707,0.4248383944230376
34_25,0.4292539347876484,0.4275739840858107
35_25,0.4320227328422284,0.4280480841939614
36_25,0.4827342303088918,0.4806423579166103
37_25,0.4906064858260293,0.5048019435070356
0_26,0.494832835271976,0.4950054210822988
1_26,0.4960401956632232,0.4957108601409901
2_26,0.4929416643004659,0.4928336020711095
3_26,0.4987788701192601,0.4929205376359055
4_26,0.4299953252177735,0.4321671784341518
5_26,0.511374414118748,0.4940282225489749
6_26,0.5796208776246339,0.5669837501077594
7_26,0.5811037425635053,0.5670115664159933
8_26,0.5147235524105546,0.5080073684083325
9_26,0.5130746959962206,0.507834396083039
10_26,0.4323819104336034,0.4322291032181143
11_26,0.5140185222051105,0.5079667803677683
12_26,0.5149452694860354,0.507834396083039
13_26,0.5149007671596623,0.5080073684083325
14_26,0.5158694772183086,0.5080985989484483
15_26,0.317664042142384,0.3146168872421191
16_26,0.5147564941637675,0.5080736727774869
17_26,0.5151835312567591,0.5079344031553447
18_26,0.5154413209750551,0.5080985989484483
19_26,0.5711837802238525,0.5611993345179793
20_26,0.5717312607605338,0.5611993345179793
21_26,0.5671580017378285,0.5606735023744358
22_26,0.5576584875068068,0.5590826820519494
23_26,0.3070413180438506,0.3111780712924891
24_26,0.5514013758053466,0.5550107411911865
25_26,0.5482218892402949,0.5550107411911865
26_26,0.4540024914422231,0.4555068446361106
27_26,0.4538092632100968,0.45696684980829
28_26,0.4538767333286106,0.4585581084856943
29_26,0.4547675238387061,0.4588129659192085
30_26,0.4546553227408114,0.4582996377329787
31_26,0.4490318147356695,0.4582187377597057
32_26,0.449299907439215,0.4582996377329787
33_26,0.4469074710418569,0.4560991833712791
34_26,0.4414246164343179,0.4316940367192953
35_26,0.4886305873700268,0.4814506423887075
36_26,0.4882362153691913,0.5003992829557001
37_26,0.4902533058418352,0.5004099490743608
38_26,0.4978063342694163,0.4921261168077039
39_26,0.5221535351302838,0.5212390245681674
0_27,0.4993662182749088,0.4950552192737832
1_27,0.4968510904427392,0.4941696956399956
2_27,0.4946370214765955,0.4928336020711095
3_27,0.50078511106498,0.4929205376359055
4_27,0.4298849662506661,0.4320169157713003
5_27,0.43404966292067,0.4323768939524808
6_27,0.5801727763424107,0.5669384518745169
7_27,0.5813595351903921,0.5669837501077594
8_27,0.5148967897214681,0.5080486286205884
9_27,0.5138304017987888,0.5079667803677683
10_27,0.5140739988657901,0.5079667803677683
11_27,0.434947564096698,0.4322291032181143
12_27,0.5151447774840278,0.5078492901013348
13_27,0.5144550423871825,0.5076225210934274
14_27,0.5147639564483184,0.5077920502756782
15_27,0.3168722656807231,0.3145441517012871
16_27,0.5133980833908345,0.5078170286673628
17_27,0.5094025395563233,0.5069692029707411
18_27,0.5103256869464668,0.500365859277075
19_27,0.5118605945060314,0.5016325521955953
20_27,0.5656468502157908,0.5563222989400912
21_27,0.5615147020978373,0.5518282621792284
22_27,0.5523836507207265,0.5488069154427454
23_27,0.3051321533444108,0.3073293688499567
24_27,0.5477438435796737,0.5481462754967307
25_27,0.5432832164998841,0.5481462754967307
26_27,0.4500636138946755,0.4540044505582363
27_27,0.4511571557593298,0.4557891792222904
28_27,0.4530913967981832,0.4588129659192085
29_27,0.4549757491208545,0.459156438071884
30_27,0.4556152667754796,0.4588688636107684
31_27,0.4502804739013418,0.4588688636107684
32_27,0.4492453921847624,0.4583554920285015
33_27,0.4519159985503626,0.458234709225489
34_27,0.4514980544601034,0.4581116636121708
35_27,0.4915070750973111,0.5015956210882104
36_27,0.4945626271307483,0.4804842124977201
37_27,0.4943342868963481,0.5005233856561786
38_27,0.5036339149707297,0.4934191825907144
39_27,0.5220852660359657,0.5228753905813358
0_28,0.502868427598552,0.4959102538467864
1_28,0.5000590620767018,0.4939689958617679
2_28,0.4968922686337463,0.4929205376359055
3_28,0.5005016022737878,0.4929205376359055
4_28,0.5700336651955211,0.5656672913595565
5_28,0.5765324413409927,0.566716729782164
6_28,0.5790408257384377,0.5669105054466177
7_28,0.5813010760308959,0.5669837501077594
8_28,0.5806599816912591,0.5669105054466177
9_28,0.5150135601024407,0.5080486286205884
10_28,0.5150393448399031,0.5080736727774869
11_28,0.4358912553018964,0.4324114412761491
12_28,0.5109867580574828,0.5075578377835122
13_28,0.5111988667443828,0.5074738854127461
14_28,0.5068827251196725,0.5066515855795777
15_28,0.3154409054050921,0.3144579971759683
16_28,0.5111186782729787,0.5071455367972019
17_28,0.5082263453562663,0.4966041251710749
18_28,0.508325948509646,0.4914731931147368
19_28,0.5097122586057183,0.4914731931147368
20_28,0.5625988090894393,0.5441032124088864
21_28,0.5540726448298636,0.5414565250549774
22_28,0.5482934140322402,0.541460214455984
23_28,0.3047855554626039,0.3050563023090765
24_28,0.5473054701061553,0.545241671805772
25_28,0.4502449998813929,0.4474693143066913
26_28,0.4498459928416766,0.4483099193944635
27_28,0.4504049040626731,0.4541878047783355
28_28,0.4540447512351008,0.459156438071884
29_28,0.4550562806626084,0.4592666015059438
30_28,0.4553545855602083,0.4592666015059438
31_28,0.4512334167447792,0.4588688636107684
32_28,0.4493184745329135,0.4582745852129947
33_28,0.4530403382536668,0.4582745852129947
34_28,0.4551193037250169,0.4584894521266812
35_28,0.4947269818121305,0.5021548053134346
36_28,0.4933103899226572,0.5022647413283775
37_28,0.4978854630315165,0.4839988430826111
38_28,0.5130505988224994,0.5170568401016509
39_28,0.5246850471094654,0.5247367392155144
41_28,0.6838890285119202,0.6866124143792064
0_29,0.5742430014318952,0.5695334425236744
1_29,0.5714763856838855,0.5680047244563031
2_29,0.5704829239324067,0.5667001280568715
3_29,0.5730297886286769,0.566785020782007
4_29,0.5672047972228255,0.5656672913595565
5_29,0.5721640415100127,0.5661346105314201
6_29,0.5790842483501858,0.5669105054466177
7_29,0.5803263040647861,0.5669105054466177
8_29,0.5798705958862826,0.5669105054466177
9_29,0.5154552845094624,0.5080736727774869
10_29,0.5149378119061558,0.5080736727774869
11_29,0.4329300586401091,0.4323417784152062
12_29,0.5023050619405073,0.5065213489228796
13_29,0.5015642845386111,0.5065213489228796
14_29,0.5012846429418977,0.5065213489228796
15_29,0.5102532398974203,0.5076225210934274
16_29,0.5130222548683679,0.507432311431632
17_29,0.5074893421622771,0.4917847652467313
18_29,0.5088263198476196,0.491476655248472
19_29,0.5081167455884061,0.491476655248472
20_29,0.5557715954484259,0.5416869420632527
21_29,0.5489235699868038,0.5404266101663788
22_29,0.5460870998313719,0.5409051027582383
23_29,0.3047715874387058,0.3050072663963555
24_29,0.5470910690379793,0.5444684893872728
25_29,0.4510619257621731,0.4469621112142398
26_29,0.4502749933745443,0.4476357430289089
27_29,0.4516900475645258,0.4544733376307607
28_29,0.454253265944576,0.4592666015059438
29_29,0.4548933537963647,0.4592666015059438
30_29,0.4199195597819091,0.4233326281989538
31_29,0.417867113694109,0.4229660101432388
32_29,0.4500237137813054,0.458787893933462
33_29,0.4538466745734221,0.4583554920285015
34_29,0.4564020917787568,0.4584894521266812
35_29,0.4964310467560313,0.5022434115313166
36_29,0.496503983272611,0.5022434115313166
37_29,0.5023717395811992,0.5056984507928506
38_29,0.6510417842884324,0.6497179606374847
39_29,0.6705321108768882,0.6743739354944606
40_29,0.6759905392721242,0.672038909800607
41_29,0.682609997302323,0.6755432080106317
0_30,0.5790899437889263,0.5816998466909976
1_30,0.5697158228867112,0.5690982392341446
2_30,0.5715048476334937,0.5667222688078366
3_30,0.5744441183020721,0.566858121618334
4_30,0.5757186389536207,0.566858121618334
5_30,0.4331385819966449,0.4323988829696881
6_30,0.5802777108961148,0.5670115664159933
7_30,0.5810989636074596,0.5670115664159933
8_30,0.5810056888526696,0.5670115664159933
9_30,0.5157720189545121,0.5080985989484483
10_30,0.5152367533862992,0.5080985989484483
11_30,0.5109231793945945,0.508025816096356
12_30,0.430346301353071,0.4323157300982316
13_30,0.5069203504596052,0.5078187391293499
14_30,0.5074913146817521,0.5079610971912983
15_30,0.4335164579612932,0.4323920250314695
16_30,0.5143044515384361,0.5076213047257963
17_30,0.5076382885232429,0.491913751286256
18_30,0.5081415361182771,0.4912760495554551
19_30,0.5078027205003642,0.4912760495554551
20_30,0.4596909348520862,0.4449444569688839
21_30,0.4518887587806208,0.4438797223696991
22_30,0.4511272679558508,0.4440368752422221
23_30,0.3042502320782687,0.3044872943359757
24_30,0.4516057279518101,0.4466531122951649
25_30,0.4511331550962295,0.4466531122951649
26_30,0.4508779395018704,0.4475968279202792
27_30,0.4520556149670571,0.4545827192023831
28_30,0.4550920960217285,0.4592666015059438
29_30,0.4196297085534913,0.4233326281989538
30_30,0.4200947417272777,0.4233326281989538
31_30,0.417637693323556,0.4229660101432388
32_30,0.4179178684594255,0.4229660101432388
33_30,0.4541063533069391,0.458758275286865
34_30,0.4937829490302169,0.5022037630778149
35_30,0.497312020954879,0.5022434115313166
36_30,0.572180100802506,0.5744227487719885
37_30,0.6404477185843054,0.6388079154666896
38_30,0.6526673018829947,0.6434661342554769
39_30,0.6707768563003706,0.6743739354944606
40_30,0.6738905389629597,0.6740589550756634
41_30,0.6787462350745004,0.6755432080106317
0_31,0.5766596239826729,0.5787631318044029
1_31,0.5712288202145112,0.5712130193219729
2_31,0.5691586445834822,0.5668410129142174
3_31,0.5762090255737098,0.566858121618334
4_31,0.4331269647978211,0.4323369413378282
5_31,0.5783944966400437,0.5670115664159933
6_31,0.5808023199308752,0.5670115664159933
7_31,0.5816539884675047,0.5670115664159933
8_31,0.5816471779537687,0.5670115664159933
9_31,0.5160150021733082,0.5080985989484483
10_31,0.5149218230297204,0.5080985989484483
11_31,0.5103684144447175,0.5079610971912983
12_31,0.5091936960843346,0.5079610971912983
13_31,0.5075279055338048,0.5079610971912983
14_31,0.5090709055830381,0.5079610971912983
15_31,0.5120592977402848,0.5079610971912983
16_31,0.5141265077473453,0.5076213047257963
17_31,0.5079394436447549,0.491913751286256
18_31,0.5085689919729516,0.4912760495554551
19_31,0.4647478085652466,0.4454435773741736
20_31,0.4617773119050133,0.4453791154523079
21_31,0.4562215415678753,0.4450557080110809
22_31,0.45076426563167,0.4439575087060521
23_31,0.3039277876198508,0.3038762543430566
24_31,0.4515353378280604,0.4458199900807327
25_31,0.4509225252529453,0.4458199900807327
26_31,0.4506052204344339,0.446741436248288
27_31,0.4529207824033877,0.4545827192023831
28_31,0.4552514332424575,0.4592666015059438
29_31,0.4197290174375503,0.4233326281989538
30_31,0.4191414151896676,0.4229660101432388
31_31,0.4178950632746769,0.4229660101432388
32_31,0.4186997311593835,0.422864074479612
33_31,0.4195695472320148,0.4229660101432388
34_31,0.4938491499370086,0.5022037630778149
35_31,0.4959677461242767,0.5021548053134346
36_31,0.5707980823644553,0.5744227487719885
37_31,0.5830115931965498,0.577996765864473
38_31,0.5962253478166724,0.581383836632556
39_31,0.6639097345653847,0.6735674851045657
40_31,0.6324240706705915,0.6284771376435496
0_32,0.5784706900457994,0.5802755729267239
1_32,0.5701394774526956,0.5786929271641785
4_32,0.579051602783814,0.566858121618334
5_32,0.5797320268462415,0.5670115664159933
6_32,0.5817650270353757,0.5670115664159933
7_32,0.5818999037418627,0.5670115664159933
8_32,0.5819887593558107,0.5670115664159933
9_32,0.5162317711373787,0.5080985989484483
10_32,0.5143020602387431,0.508025816096356
11_32,0.5101984269174226,0.5079610971912983
12_32,0.5075670069786122,0.5079610971912983
13_32,0.5071977709008005,0.5079610971912983
14_32,0.5083406147282766,0.5079610971912983
15_32,0.5117004336954468,0.5076821750649666
16_32,0.5124033766773524,0.5076213047257963
17_32,0.507715488733451,0.491913751286256
18_32,0.5081135776393957,0.4912760495554551
19_32,0.465196619136134,0.4454435773741736
20_32,0.46233993372603,0.4455578488110976
21_32,0.4588025364267843,0.4455005129116295
22_32,0.4540970963461945,0.4450557080110809
23_32,0.4508455977162439,0.4444353348525701
24_32,0.450770556111166,0.4446030799579799
25_32,0.4499285133429462,0.4446030799579799
26_32,0.4499330307591166,0.4458199900807327
27_32,0.4528942923675149,0.4542187247370991
28_32,0.4213338948181707,0.4233326281989538
29_32,0.4199703585401275,0.4233326281989538
30_32,0.4186271829941071,0.4229660101432388
31_32,0.4181602593828369,0.4224928058204096
32_32,0.4164849982675321,0.4224928058204096
33_32,0.419604258961983,0.4229660101432388
34_32,0.5702636448381936,0.5743774022863561
35_32,0.5708222459327015,0.5747100834327771
36_32,0.5701281896005403,0.5743214086128835
37_32,0.5798881318025394,0.5773145947690952
38_32,0.6105588534465956,0.5964338335568111
39_32,0.6218892513155266,0.6307651349375301
40_32,0.630722640839302,0.6281864211950323
41_32,0.6342485235982466,0.6346624989021397
20_33,0.460995034149647,0.4455005129116295
21_33,0.3089837356030056,0.3042690969895428
22_33,0.3069820672144936,0.3042690969895428
23_33,0.4494659149585247,0.4444353348525701
24_33,0.4492563250703189,0.4444353348525701
25_33,0.4491161508075542,0.4444353348525701
26_33,0.4494681985623963,0.4446030799579799
27_33,0.4173562986586698,0.4143437282616729
28_33,0.4216216342992297,0.4233326281989538
29_33,0.4205857840697706,0.4233326281989538
30_33,0.4194558302022701,0.4231776248112351
31_33,0.4179391291353115,0.4224928058204096
32_33,0.4167852326876652,0.4224928058204096
33_33,0.4189781772630736,0.422864074479612
34_33,0.5693885950413415,0.5740901829886466
35_33,0.569173508841097,0.5747100834327771
36_33,0.5726063145105473,0.5747100834327771
37_33,0.5915926168699595,0.5917517418898423
38_33,0.6108139829645161,0.5975369352801683
39_33,0.6221796726825439,0.6311594065264632
40_33,0.6304371178065438,0.6296736041002008
41_33,0.6335090902268536,0.6277099417971402
21_34,0.4190281244472007,0.4106238727251209
22_34,0.4561050729541556,0.4455005129116295
23_34,0.4491175611171982,0.4438797223696991
24_34,0.4490122191889471,0.4438797223696991
25_34,0.4148608354639722,0.409149650461911
26_34,0.4143372807704942,0.4095168424886001
27_34,0.4173562892785543,0.4143437282616729
28_34,0.4216298089006507,0.4233326281989538
29_34,0.4210020155025867,0.4233326281989538
30_34,0.4199619641795282,0.4233326281989538
31_34,0.4182623201104681,0.4224928058204096
32_34,0.3612243623787693,0.3639966353368226
33_34,0.3633941636116063,0.3639966353368226
34_34,0.3655283721139293,0.3644229474490342
35_34,0.3660809016779778,0.3646340547046142
36_34,0.5900480220624147,0.5916653873139026
37_34,0.5964574187811922,0.5936113809057363
38_34,0.6170621240729092,0.6128359430559328
39_34,0.6233921583498263,0.6316185172345326
40_34,0.6315656503402175,0.6295409530948789
41_34,0.6320303977275912,0.6273726962150279
42_34,0.6364463950106573,0.62983474500622
43_34,0.6402249284583775,0.6401925749757794
21_35,0.4586548408537607,0.4455005129116295
22_35,0.4168469550850545,0.4106238727251209
23_35,0.416024815907776,0.4106238727251209
24_35,0.4102155131884207,0.4091299680720061
25_35,0.4097882826474898,0.4091299680720061
26_35,0.4149062224468093,0.4095168424886001
27_35,0.4166734365041256,0.4143437282616729
28_35,0.421207804794982,0.4233326281989538
29_35,0.4809261221774449,0.484983334204874
30_35,0.4796169645639714,0.484805757389903
31_35,0.4187179069086417,0.4224928058204096
32_35,0.3618665513072569,0.3639966353368226
33_35,0.3629154861734868,0.3639966353368226
34_35,0.3642463591611687,0.3644229474490342
35_35,0.3654598665656758,0.364681205239902
36_35,0.3706428154361772,0.3666474757786807
37_35,0.6149354121521518,0.6194230187200541
38_35,0.6190744324074692,0.6293102802880527
39_35,0.6222879325826922,0.6296596533651373
40_35,0.6292024181515313,0.6255560947719454
41_35,0.6321524855706494,0.6266385319309206
42_35,0.638950622682307,0.6301299306715665
43_35,0.6401587554996656,0.6401925749757794
21_36,0.4629588485162647,0.4455005129116295
22_36,0.457938735615259,0.4455005129116295
23_36,0.4563816935373773,0.4455005129116295
24_36,0.4562979999290485,0.4455005129116295
25_36,0.4148344676604773,0.409149650461911
26_36,0.4103096217143038,0.409422686891454
27_36,0.4119734844818989,0.414323796007533
28_36,0.4815322822955297,0.484983334204874
29_36,0.4809025375885357,0.4851624676124922
30_36,0.4802019726481077,0.484919911419548
31_36,0.4791157069379742,0.484919911419548
32_36,0.4791340947941822,0.4843775167314599
33_36,0.362735495043494,0.3642147191203483
34_36,0.3646851034047534,0.3641030178845499
35_36,0.3661248779053653,0.36462292701388
36_36,0.3698709238803251,0.3720183474394385
37_36,0.6083841101161721,0.6102594957419752
38_36,0.6183256489178313,0.6288500166068163
22_37,0.4582316088573991,0.4455005129116295
23_37,0.4576730963107948,0.4455005129116295
24_37,0.4566246704191302,0.4455005129116295
25_37,0.421034756409419,0.4106436269836644
26_37,0.4154891056848632,0.409149650461911
27_37,0.476457496393792,0.4746853643059707
28_37,0.4819576398759209,0.484983334204874
29_37,0.4822665639978057,0.484919911419548
30_37,0.4815120387546561,0.484919911419548
31_37,0.4808303067497507,0.484919911419548
32_37,0.4811647408303235,0.4845880111001832
33_37,0.4805903207269883,0.4843775167314599
34_37,0.4806119764946105,0.4841626681780082
35_37,0.3643331661835319,0.3647806196315355
36_37,0.3684278072578952,0.3710574434493242
37_37,0.4969174642820643,0.4986638115463988
38_37,0.5034666146123019,0.5066693465274555
39_37,0.5102604773557937,0.5155015895676628
40_37,0.5191163118880501,0.5148590463441275
24_38,0.4568970628085266,0.4455005129116295
25_38,0.4213962426706197,0.4104788929672994
26_38,0.4813260661285954,0.4704464105018691
27_38,0.4753734642437017,0.4744081652850551
28_38,0.4834458577013373,0.4850530517249461
29_38,0.4833822345336508,0.4849896226178323
30_38,0.4828949596998363,0.4849896226178323
31_38,0.4828277428042392,0.4849896226178323
32_38,0.4824062277565836,0.4849896226178323
33_38,0.4832085307671626,0.4844471738421202
34_38,0.4822454357423255,0.4845223865087316
35_38,0.4817531908617511,0.4849282180019398
36_38,0.4833664509488728,0.4929354770151621
37_38,0.4925262862296243,0.4957841103097698
38_38,0.5012928355091852,0.503428010616381
39_38,0.4805213454254371,0.4837323598569275
40_38,0.4872445205129902,0.4851401666220456
25_39,0.4821133936633271,0.4695474786603836
26_39,0.4821427896035683,0.4702576859689798
27_39,0.4811806370426052,0.4755597582815011
28_39,0.4831545165030292,0.4848754572082225
29_39,0.4835375008739471,0.4849896226178323
30_39,0.484293123107845,0.4849896226178323
31_39,0.4835503201078991,0.4852322029849384
32_39,0.4831062447636485,0.4852322029849384
33_39,0.4834508214565262,0.4844471738421202
34_39,0.4826986388491016,0.4845223865087316
35_39,0.4834345599260478,0.48493851565174
36_39,0.4825061541608538,0.4859787007765282
37_39,0.4897863470900639,0.4950640044994402
38_39,0.4751440409490668,0.4680672851447556
39_39,0.476335598934259,0.4742486392927585
40_39,0.4843768554081044,0.4848024709891698
26_40,0.4822662433135696,0.4697889789451431
27_40,0.4830222275214846,0.4758974216475493
28_40,0.4818884147116369,0.4846330005343969
29_40,0.4839913372458177,0.4849896226178323
30_40,0.4844605469778011,0.4849896226178323
31_40,0.4837311302609727,0.4854098880772596
32_40,0.4830749739794727,0.4852934850875834
33_40,0.4840542746020932,0.4844471738421202
34_40,0.5475365108438982,0.5498265928171775
35_40,0.5477923654707312,0.5502988080857452
36_40,0.5452055739843152,0.5502017281708537
37_40,0.4593361912212984,0.4566645502697475
38_40,0.4711094154222195,0.4660534875288605
39_40,0.4721674332235516,0.4714388538036806
40_40,0.4763133450724687,0.4757225732415171
26_41,0.4841996916910767,0.4702576859689798
27_41,0.4187111416556269,0.4154403240908563
28_41,0.4878857758957462,0.4862225615339957
29_41,0.4834816806768592,0.4849896226178323
30_41,0.4845482308311493,0.4854098880772596
31_41,0.4839512701546312,0.4854098880772596
32_41,0.546419842992537,0.5508337123582574
33_41,0.5481407092318434,0.5497412429440424
34_41,0.548234585904145,0.5503849252032312
35_41,0.5513324028960174,0.5507036727619842
36_41,0.5493048327755826,0.5507036727619842
37_41,0.5075431928358751,0.5102912675019696
38_41,0.4620691514039531,0.4575271950375216
39_41,0.4679587677686556,0.4688369017654298
40_41,0.4738016179415847,0.4721713001600147
41_41,0.4789499471578773,0.4739426735060166
42_41,0.4918404297065054,0.4825410659702203
27_42,0.4849660843844834,0.4806482612301738
28_42,0.4880800248798655,0.4862225615339957
29_42,0.4838595558515225,0.4854098880772596
30_42,0.4840183324222182,0.4854098880772596
31_42,0.4848648615073007,0.4854098880772596
32_42,0.5475646663355673,0.5508337123582574
33_42,0.5491012948474016,0.5506320787668577
34_42,0.5492966077099093,0.5503849252032312
35_42,0.5104057483742461,0.5104342459903175
36_42,0.5115325738621548,0.5103369126635505
37_42,0.5096907223101134,0.510411388547669
38_42,0.5111738804984922,0.5119211747076057
39_42,0.460198671879623,0.4642914039831338
40_42,0.4707630259969256,0.4710815379526665
41_42,0.4782874287222818,0.4736030961207029
42_42,0.4864994751365426,0.4823869224259611
27_43,0.4896252827802626,0.4844443224775845
28_43,0.4897734642069905,0.4863618623105862
29_43,0.4898410895830154,0.4863618623105862
30_43,0.4878638664107115,0.4862225615339957
31_43,0.484360797850399,0.4850530517249461
32_43,0.5475068848149663,0.5508337123582574
33_43,0.5491930262193642,0.5508337123582574
34_43,0.5088310120566337,0.5102966361470779
35_43,0.5102527972519358,0.5103369126635505
36_43,0.5119649691737232,0.5103369126635505
37_43,0.5134747970842656,0.510411388547669
38_43,0.5147376457801804,0.5126080250052629
39_43,0.4631115436694636,0.4691859537125695
40_43,0.4664649398811644,0.4708271018463464
41_43,0.4794222787087356,0.4762250525562825
42_43,0.5596092645237644,0.5594872587720692
27_44,0.4922732515059637,0.4862338889136959
28_44,0.4923298196844553,0.4863618623105862
29_44,0.4251406393555464,0.4245154963234254
30_44,0.4910250255565287,0.4863618623105862
31_44,0.5536904406129189,0.5517559184115418
32_44,0.547706820314284,0.5504287813968636
33_44,0.5083199036157466,0.510457420314704
34_44,0.5081897386297582,0.5104229525613021
35_44,0.5092687254110672,0.5103369126635505
36_44,0.5122047239175541,0.5103369126635505
37_44,0.5139107542442124,0.510411388547669
38_44,0.5170376960287498,0.5131799699505428
39_44,0.5165801296041053,0.5270359282143674
40_44,0.5379435539728564,0.5498373627673131
41_44,0.5540165250536704,0.5602398393928643
42_44,0.5609923679315272,0.5593051902327018
27_45,0.4945669829765902,0.4863618623105862
28_45,0.4930105141035905,0.4863618623105862
29_45,0.4926182189726702,0.4863618623105862
30_45,0.5566577991960843,0.5519139942270298
31_45,0.4256058003522545,0.4245154963234254
32_45,0.5471863531502704,0.5504287813968636
33_45,0.50836924647954,0.510457420314704
34_45,0.5083919271939833,0.5102966361470779
35_45,0.5091197068080405,0.5103369126635505
36_45,0.5124957287200625,0.5103369126635505
37_45,0.5129910476646223,0.510411388547669
38_45,0.5370235406144712,0.5295260101337078
39_45,0.5389896986166741,0.5361840705033786
40_45,0.5359361441118592,0.545838811099464
41_45,0.552443619857527,0.5528168146319439
42_45,0.5601644824021617,0.5608124149319378
30_46,0.5574919103351861,0.5520175887126212
31_46,0.5565377612643349,0.5520233216735283
32_46,0.4220235356336742,0.4244779838746877
33_46,0.5085046180862501,0.510457420314704
34_46,0.50770734787183,0.5095938808115069
35_46,0.510135301929834,0.5103369126635505
36_46,0.5121739865714906,0.5103369126635505
37_46,0.5338978797277205,0.5286989422789555
38_46,0.5357723581212066,0.5289093169909441
39_46,0.5332514291784162,0.5299734182001417
40_46,0.5334484142919063,0.5305497919767096
41_46,0.5453701351575202,0.5346246305563167
42_46,0.5599208511689645,0.5608119014545556
43_46,0.5654694479278716,0.5626852032419691
31_47,0.5148966517459221,0.5119573312120972
32_47,0.5108401061279859,0.5114907138664033
33_47,0.5079466545659174,0.510457420314704
34_47,0.5096209442088133,0.5098488322853238
35_47,0.5104443664529256,0.5103369126635505
36_47,0.5121362187017935,0.5105921218075967
37_47,0.532890864207001,0.5290301112542388
38_47,0.5327983237220637,0.528963322060885
39_47,0.5302766255942112,0.5289708990339239
40_47,0.5303180539948784,0.5293477370676334
41_47,0.535562748227492,0.5299230169530802
42_47,0.5554188197446739,0.5546531934737885
43_47,0.5637451362820022,0.5629158213764378
30_48,0.5165074796401355,0.5118612778919206
31_48,0.5152596339785478,0.512056946444308
32_48,0.5120351299039236,0.5113141145448539
33_48,0.4202163687860198,0.4236845762915219
34_48,0.4213086937419535,0.4235511238834973
35_48,0.5117011232414569,0.5105921218075967
36_48,0.4671753266818534,0.4646439501854108
37_48,0.4672582946513366,0.464600326884756
38_48,0.4656384409346037,0.464600326884756
39_48,0.4621649081963422,0.4642276023446856
40_48,0.4638391503209104,0.4644769196468749
41_48,0.4684465071597986,0.4650405276612517
42_48,0.634457453116669,0.6258258661393339
43_48,0.6480827853454678,0.655473244563335
30_49,0.5530391090727619,0.5482385627741291
31_49,0.5519134929227117,0.5484532247515657
32_49,0.5438532922367986,0.5468463897316087
33_49,0.5451778898234309,0.5467146691474181
34_49,0.4214600334178575,0.4237062198156242
35_49,0.4673332463918074,0.4646439501854108
36_49,0.4675726804993412,0.4646439501854108
37_49,0.467661010950517,0.464600326884756
38_49,0.4658450427662511,0.4643094904826352
39_49,0.4634612979106348,0.4643094904826352
40_49,0.4634120889332099,0.4644769196468749
41_49,0.6111003224165216,0.6166043956392178
42_49,0.6308368791618688,0.6221626585490149
43_49,0.6451257222388409,0.6547190371574375
47_49,0.6577995126984654,0.6533381762967126
30_50,0.5534219507002744,0.5479188517588538
31_50,0.5517939161876627,0.5480612120740648
32_50,0.5439846501886895,0.5468463897316087
33_50,0.4207943686864408,0.4234836511066795
34_50,0.5467262717233878,0.5468743248599535
35_50,0.5477010268744247,0.547190955132394
36_50,0.5485490007782123,0.547190955132394
37_50,0.548883456402584,0.5467970764987822
38_50,0.4653514859508167,0.4643094904826352
39_50,0.4642981083063964,0.4643094904826352
40_50,0.4622492563821031,0.4644769196468749
41_50,0.6107052025498385,0.6166043956392178
42_50,0.6298103303841698,0.621667071137085
43_50,0.6424699224686298,0.6458966202451414
45_50,0.65348737950471,0.6523917109782795
46_50,0.6544908406480014,0.6646492758217467
47_50,0.6558610863190718,0.6537321081782197
48_50,0.640302326376862,0.6353361757105861
49_50,0.6401097429001998,0.6347995343553426
29_51,0.5539975461229634,0.5479188517588538
30_51,0.5524091139173429,0.5479188517588538
31_51,0.5492285590122462,0.5479533436631068
32_51,0.4195908293813526,0.4236845762915219
33_51,0.5453248044987307,0.5465870571571285
34_51,0.5467838515264068,0.546746687036307
35_51,0.5478754564648365,0.547190955132394
36_51,0.5484659924130393,0.547190955132394
37_51,0.5479759568870749,0.5467970764987822
38_51,0.4667796796496733,0.4643094904826352
39_51,0.3992545699956667,0.4001549523487938
40_51,0.3966746310750169,0.4002992475023744
41_51,0.4003867492633641,0.4007849807099854
42_51,0.4115698356947674,0.4037167812044118
43_51,0.6388075657759359,0.6471821707860786
45_51,0.6337355876134225,0.6353361757105861
46_51,0.6355112152120505,0.6351914336519006
47_51,0.6369861995498814,0.6351396460809452
48_51,0.6365560796896204,0.6345140052833194
49_51,0.6368794436721598,0.6349430988001343
29_52,0.553632222773315,0.5479188517588538
30_52,0.5513923401794267,0.5479188517588538
31_52,0.4192854752132924,0.4236845762915219
32_52,0.5437904396460453,0.5468463897316087
33_52,0.5460725186212696,0.5465870571571285
34_52,0.5473698799056582,0.5468743248599535
35_52,0.5480437717839283,0.547190955132394
36_52,0.5484107802487443,0.547190955132394
37_52,0.5476329619767883,0.5467970764987822
38_52,0.4002755456748761,0.4001549523487938
39_52,0.4010210484125667,0.4003550527662146
40_52,0.3983117607044821,0.4002992475023744
41_52,0.3994672968482929,0.4007849807099854
42_52,0.407230737349931,0.4030388495672258
43_52,0.4178696561850791,0.4178314570042695
44_52,0.4553747387968246,0.4535566936948159
45_52,0.4589171453240251,0.4586719894917518
46_52,0.6319277371841048,0.6350129761181849
47_52,0.6325999377006762,0.6335606767922104
48_52,0.6340400183680431,0.6331876475145144
49_52,0.6340554672555883,0.6422611937312396
50_52,0.6358826398102888,0.6339800482566674
51_52,0.6416918155430321,0.6350326621305673
29_53,0.5528175269174841,0.5479188517588538
30_53,0.4255942163252036,0.4245154963234254
31_53,0.5429197877681626,0.5468463897316087
32_53,0.5433009544439608,0.5468463897316087
33_53,0.5458080603795464,0.5468463897316087
34_53,0.5472565102128598,0.5468743248599535
35_53,0.5486613798089793,0.547190955132394
36_53,0.548743569119647,0.547190955132394
37_53,0.5491774726126462,0.547070506385404
38_53,0.5488853717561358,0.547139581870046
39_53,0.4015690006205694,0.4004056033240968
40_53,0.4000310908867318,0.4002992475023744
41_53,0.4331899318868807,0.4321448639648221
42_53,0.4334153738517815,0.4321448639648221
43_53,0.4484622933016156,0.4468210001757167
44_53,0.4541258895347789,0.4519988527116739
45_53,0.4555395497458044,0.4542161177144078
46_53,0.4561940199497337,0.4547355256364948
47_53,0.6308890804414082,0.632883096885174
48_53,0.6310516435618023,0.6322047565599159
49_53,0.6302748557391517,0.6424764729934463
50_53,0.634239185857946,0.6336292071158877
51_53,0.6375034335197669,0.6350326621305673
28_54,0.5533843844992872,0.5479188517588538
29_54,0.5527965444903963,0.5479188517588538
30_54,0.4234827331497228,0.4244581364090429
31_54,0.5421792655472772,0.5468463897316087
32_54,0.5430028762229759,0.5468463897316087
33_54,0.5455327495114115,0.5468463897316087
34_54,0.5475450047685927,0.5468743248599535
35_54,0.5492266863488644,0.547190955132394
36_54,0.5492759448653647,0.547190955132394
37_54,0.5500979056223461,0.5472707880791995
38_54,0.5501734034935967,0.5472707880791995
39_54,0.5493769166943895,0.5472707880791995
40_54,0.4914147550637348,0.4884809094225051
41_54,0.4895121130787248,0.4890736444837648
42_54,0.4325690374949458,0.4321920199941076
43_54,0.4378364934937102,0.4408617022875056
44_54,0.451627233153711,0.4509346694253301
45_54,0.4529037246062091,0.4522163785606938
46_54,0.4525688514338702,0.4523473484206148
47_54,0.6287886431323308,0.6312232818753856
48_54,0.6314408384642237,0.6318078143767727
49_54,0.6183356821789119,0.6287434049023315
50_54,0.629583521535482,0.6318704114014635
51_54,0.635114145185375,0.6334097211113212
52_54,0.638173834036516,0.635065005371026
29_55,0.5519556169077823,0.5479188517588538
30_55,0.4210778663070729,0.4240037226500384
31_55,0.5417014297193038,0.5468463897316087
32_55,0.5428145212917569,0.5468463897316087
33_55,0.5444169028243674,0.5468463897316087
34_55,0.5469219264910974,0.5468743248599535
35_55,0.549948125520863,0.547190955132394
36_55,0.5498734298895119,0.547190955132394
37_55,0.5506537086708936,0.5472707880791995
38_55,0.4931791231119146,0.4887278650525668
39_55,0.4930775721972475,0.4887278650525668
40_55,0.4922450711173138,0.4884809094225051
41_55,0.4331432916060235,0.4321448639648221
42_55,0.4299671430609067,0.4323343939088956
43_55,0.4302811663305148,0.4347188688426452
44_55,0.43861883694047,0.4415921819145268
45_55,0.5062364053350283,0.5099619206090434
46_55,0.5103206923765307,0.5110584647585728
47_55,0.626357232948433,0.6307124466592696
48_55,0.6314930336698984,0.6319363881905002
49_55,0.6177776103639228,0.6279215489452529
50_55,0.6176083364669774,0.6248203237007006
51_55,0.6293204087003436,0.6301208684823294
52_55,0.6370298641328829,0.6349252692022982
53_55,0.6377830303330562,0.6359811062255719
55_55,0.6485514411027464,0.6496190781040448
56_55,0.6480803259768263,0.6496190781040448
29_56,0.5512982279811549,0.5479188517588538
30_56,0.42471774064896,0.4244863696146712
31_56,0.5424350694841958,0.5468463897316087
32_56,0.5427715774402423,0.5468463897316087
33_56,0.5442318308745709,0.5468463897316087
34_56,0.4893639791856691,0.4883738124940627
35_56,0.4916187634404372,0.4886565720354663
36_56,0.4918889721940962,0.4886565720354663
37_56,0.493517931658071,0.4887278650525668
38_56,0.4933281595561397,0.4887278650525668
39_56,0.4929287351548761,0.4887278650525668
40_56,0.492768454538909,0.4884809094225051
41_56,0.4914666093008164,0.4890736444837648
42_56,0.4881024948728281,0.4902332458212771
43_56,0.4858258105180903,0.4937599920121278
44_56,0.4900624285376497,0.4940963228606347
45_56,0.4943376784408275,0.4994271621419235
46_56,0.5090489144488196,0.5116109960721948
47_56,0.6272009672701667,0.6307124466592696
48_56,0.6316596972585224,0.6300246239708792
49_56,0.6174372368065885,0.6228244243651182
50_56,0.6146074235179891,0.6220231237138308
51_56,0.6249387141518041,0.6223199658784686
52_56,0.633647326272156,0.6372936254472541
53_56,0.6358352195458734,0.6353072335531111
55_56,0.6485514411027464,0.6496190781040448
56_56,0.6480803259768263,0.6496190781040448
29_57,0.4947166183091744,0.4893066037418492
30_57,0.4256229665761037,0.4245154963234254
31_57,0.4865826002205523,0.4883488656561658
32_57,0.4865852671706999,0.4883488656561658
33_57,0.4875236807868517,0.4883488656561658
34_57,0.4893900233794535,0.4883738124940627
35_57,0.4910463073678892,0.4886565720354663
36_57,0.4915366167110703,0.4886565720354663
37_57,0.4928588065715439,0.4887278650525668
38_57,0.4929449945411466,0.4887278650525668
39_57,0.4923422649197733,0.4885490079917663
40_57,0.4920522528306054,0.4884809094225051
41_57,0.4925048950389433,0.4892956897345303
42_57,0.4880616187030733,0.490932515208095
43_57,0.4844746624294016,0.4939171033184874
44_57,0.4872184133082044,0.4957501630622635
45_57,0.4928987854399641,0.4980050046922213
46_57,0.5071567172478492,0.5104809676311621
47_57,0.6270811977112445,0.6297834061824319
48_57,0.6237501018803123,0.6243198434583361
49_57,0.6175162713601454,0.6209729337993007
50_57,0.6161514197091426,0.6073866732195196
51_57,0.6225969133673446,0.615547900170657
52_57,0.6314599558943911,0.6347740076812354
53_57,0.635722179132934,0.6374937098564549
29_58,0.4946138450601833,0.4893066037418492
30_58,0.4260626412317406,0.4245154963234254
31_58,0.4929330657070618,0.4893066037418492
32_58,0.4861817723769002,0.4883488656561658
33_58,0.4872349306753726,0.4883488656561658
34_58,0.489409825420289,0.4883738124940627
35_58,0.490329733032694,0.4886565720354663
36_58,0.4912238476249478,0.4886565720354663
37_58,0.492702248163884,0.4887278650525668
38_58,0.4922947012612316,0.4887278650525668
39_58,0.4925523210935328,0.4885490079917663
40_58,0.4898921596300199,0.4884809094225051
41_58,0.4922238038256517,0.4896282553403979
42_58,0.490925046343682,0.4917344921136088
43_58,0.4878841106097349,0.4888355826717751
44_58,0.4866606380084093,0.492706288550307
45_58,0.4916842498946505,0.4974030634594757
46_58,0.611583756059272,0.6222591280690798
47_58,0.6257132241643898,0.6271182629321748
48_58,0.6247277750497483,0.623962262402984
49_58,0.6290373454159376,0.6246435479937629
50_58,0.6261761551651925,0.6277695814303305
51_58,0.631294060923391,0.6353672326897436
52_58,0.6345098497272545,0.6372204334318005
53_58,0.6364793910909049,0.6375733124768691
54_58,0.6436904091852578,0.6507008752395499
58_58,0.6463095895898257,0.6496190781040448
30_59,0.4945050810589238,0.489401840205448
31_59,0.4929994591777343,0.4893066037418492
32_59,0.4864143563390192,0.4883488656561658
33_59,0.4874784251854569,0.4883488656561658
34_59,0.4882704799309038,0.4883738124940627
35_59,0.4898848610384479,0.4886565720354663
36_59,0.4911593971126919,0.4886565720354663
37_59,0.4923178015483644,0.4887278650525668
38_59,0.4921555838667207,0.4887278650525668
39_59,0.4922661896756637,0.4886106942992979
40_59,0.4912202638818237,0.4885883195667012
41_59,0.4933430847721457,0.4907197162373343
42_59,0.494783804405293,0.4915244689489143
43_59,0.4906365394341093,0.4953692466639171
44_59,0.4899382977989624,0.4951959339886289
45_59,0.4976380053487458,0.5023785803252858
46_59,0.5038170162214108,0.5093081403972709
47_59,0.6232319767136463,0.6230045655157717
48_59,0.6311904046790168,0.6259449833880151
49_59,0.6359386095340702,0.6267569249743119
50_59,0.6329987195275428,0.6309125031763535
51_59,0.6341112958167242,0.6376216473168538
52_59,0.6365919356849271,0.6370854915016085
53_59,0.6381948044303996,0.6378850360215276
54_59,0.6459675881727046,0.650829654406867
55_59,0.6481105081674189,0.6496190781040448
58_59,0.646324513949634,0.6496190781040448
30_60,0.4949974757308727,0.489401840205448
31_60,0.4932596536755917,0.4893066037418492
32_60,0.4863696764106384,0.4883488656561658
33_60,0.4876058369218399,0.4883488656561658
34_60,0.4882272237321904,0.4883738124940627
35_60,0.4899510924756142,0.4886565720354663
36_60,0.4906573245943675,0.4886565720354663
37_60,0.4924508407339729,0.4887278650525668
38_60,0.4927541504262276,0.4887278650525668
39_60,0.4929197245179898,0.4887278650525668
40_60,0.4941828225113145,0.4895738883888657
41_60,0.4958626245634343,0.4920095810607119
42_60,0.497060495738559,0.4922949979790696
43_60,0.4970316567290698,0.4988059804649947
44_60,0.4979776059609065,0.4979713328039875
45_60,0.4991971227861518,0.5061554626706473
46_60,0.5004031331332789,0.5063280482837984
47_60,0.5057332000640572,0.5034031765756436
48_60,0.6272511033829807,0.6245962003664774
49_60,0.6355780029489086,0.628188326885336
50_60,0.636827779447157,0.636780550069071
51_60,0.6407717065020425,0.6394497921914998
52_60,0.6383608333214804,0.6365543196766814
30_61,0.4952860601447387,0.4888549633232276
31_61,0.49433372916716,0.4893066037418492
32_61,0.4917293837264069,0.4892435037868697
33_61,0.487190771561405,0.4883488656561658
34_61,0.4884924150195542,0.4883738124940627
35_61,0.4903491127546636,0.4886565720354663
36_61,0.4906378661846228,0.4886565720354663
37_61,0.4934261750447237,0.4887278650525668
38_61,0.493321895429017,0.4887278650525668
39_61,0.4931652364142761,0.4887278650525668
40_61,0.4943419015436358,0.4908737358345366
41_61,0.4982762854707284,0.4921531256646053
42_61,0.4983977333971223,0.4948027896974197
43_61,0.5016681092771238,0.505007967820705
44_61,0.5018049979801956,0.5009345598288159
45_61,0.4991476731070816,0.5001954140283964
46_61,0.4975609698288852,0.5013358351622486
47_61,0.5025082469575641,0.5021580907109089
48_61,0.5178247934067897,0.5073888014130148
49_61,0.6363088386304357,0.6310891966336605
50_61,0.6403858319305892,0.6353361757105861
52_61,0.6419666996569924,0.6332528277233211
31_62,0.4948409702910026,0.4893066037418492
32_62,0.494600805946138,0.4893066037418492
33_62,0.4942972512520854,0.4893935842656904
34_62,0.4928868381988539,0.4894706762680259
35_62,0.4903886011521791,0.4886565720354663
36_62,0.4905517607839125,0.4886565720354663
37_62,0.4924609811135231,0.4887278650525668
38_62,0.4931733485418615,0.4887278650525668
39_62,0.4927534067110778,0.4887278650525668
40_62,0.4935683238049483,0.489350359160444
41_62,0.4992192709278154,0.4920882895567826
42_62,0.4989959767228402,0.492349062115714
43_62,0.5021406441032799,0.4965424676696136
44_62,0.5021303174181723,0.4963291265455535
45_62,0.4981855050170861,0.4939607148102269
46_62,0.4967153065415291,0.4996652246105401
47_62,0.5489818708190076,0.5557141789850489
48_62,0.51724488301526,0.5083304635688474
49_62,0.5255054887050145,0.5215690583111854
50_62,0.5295706989990736,0.522513770231722
31_63,0.4953782546126177,0.4893066037418492
32_63,0.4953463934368722,0.4893066037418492
33_63,0.495827957690886,0.4893935842656904
34_63,0.4962531030436651,0.4899981766469331
35_63,0.4981524242647285,0.4910642294918586
36_63,0.4906816465503571,0.4886565720354663
37_63,0.4923224000465889,0.4887278650525668
38_63,0.4926564996072492,0.4887278650525668
39_63,0.4942449696724628,0.4917101978256922
40_63,0.4945840929561714,0.4918874605011403
41_63,0.4980657821780184,0.4928713975490638
42_63,0.546235688331981,0.5477286180146212
43_63,0.549350234571587,0.5477286180146212
44_63,0.5493934355036914,0.5477286180146212
45_63,0.548318474990647,0.5476776970119657
46_63,0.5459267508626169,0.5464931568337144
47_63,0.5521046161964176,0.5603400640721014
48_63,0.5698716973051404,0.5661672537552604
49_63,0.5765119286596492,0.5792017292712245
32_64,0.4957247291530833,0.4893066037418492
33_64,0.4964840121678409,0.4894915127521064
34_64,0.4977257886194368,0.4904480383093862
35_64,0.5001442705195778,0.4914279304405396
36_64,0.50034744044573,0.4912165542695279
37_64,0.4922178488608782,0.4887278650525668
38_64,0.4938801116825027,0.4917101978256922
39_64,0.4939444799909472,0.4917101978256922
40_64,0.4937645936860613,0.4918874605011403
41_64,0.4964400836795108,0.4924220296361618
42_64,0.5449840986317599,0.5448351767663804
43_64,0.5473620001786517,0.545652574248965
44_64,0.547618899258586,0.5476776970119657
45_64,0.5475679663674518,0.5476776970119657
46_64,0.5487677948951425,0.5480081835508105
47_64,0.5528387759405169,0.5608976727811139
48_64,0.5707340378967015,0.570593668699278
49_64,0.5770137813687043,0.5762399740978238
34_65,0.4985054474979296,0.4904809131870011
35_65,0.5013149558354126,0.4913307274586146
36_65,0.5018457521215729,0.4915683675091569
37_65,0.4999429903339522,0.4939456031867278
38_65,0.4940609879794667,0.4917101978256922
39_65,0.4935209541026267,0.4917101978256922
40_65,0.4933813772104473,0.4918874605011403
41_65,0.5435406461664067,0.544775743863702
42_65,0.5445247599025893,0.544775743863702
43_65,0.5460411130822788,0.5448351767663804
44_65,0.548438988883198,0.5477286180146212
45_65,0.5480652433138897,0.5483292494669577
46_65,0.5499599138402194,0.5579883389361664
47_65,0.5538375040385866,0.5661833538017742
48_65,0.5675999713578532,0.5686399407010658
49_65,0.5754409037868448,0.575852494476022
50_65,0.5773687977535709,0.5767740189532204
36_66,0.5028233171740482,0.4946079562107804
37_66,0.5023739057175374,0.4947006602325123
38_66,0.49386180121874,0.4917101978256922
39_66,0.494028480686804,0.4917101978256922
40_66,0.49341199767171,0.4918874605011403
41_66,0.5432662384139719,0.544775743863702
42_66,0.5444410146684604,0.544775743863702
43_66,0.5457501148526197,0.544775743863702
44_66,0.5495111407245288,0.5476776970119657
45_66,0.5567837823877675,0.5644322818938422
46_66,0.5597064338453017,0.5689798352751443
47_66,0.5626079987429525,0.5686565555081595
48_66,0.5668235299908545,0.5685180664711494
49_66,0.5711972287062812,0.5657274787991612
50_66,0.5779605114192745,0.5766974874102059
36_67,0.5044992357812009,0.4946079562107804
37_67,0.502940729975967,0.4946079562107804
38_67,0.5025153008129402,0.4944981702678365
39_67,0.5474884836814677,0.5462229938634175
40_67,0.5393567933881883,0.5441843399852178
41_67,0.5424714727599584,0.544775743863702
42_67,0.5459109963741366,0.5448795670606945
43_67,0.5458576879440675,0.544775743863702
44_67,0.5576960358972833,0.5502591249417308
45_67,0.5626927139523444,0.5743548597934609
46_67,0.5647524238995262,0.5711963881313399
47_67,0.5645702918465745,0.5683979936862447
48_67,0.5655787085460531,0.5677215097975615
49_67,0.5704703071689435,0.5622642833208483
37_68,0.5051056006535023,0.4946079562107804
38_68,0.5514234467931025,0.5471940755061737
39_68,0.5514718977088944,0.5473023114292145
40_68,0.5466287563498948,0.5470831332337465
41_68,0.5437578518128071,0.544775743863702
42_68,0.5448263825862147,0.544775743863702
43_68,0.5545329644891193,0.547466392108491
44_68,0.5602530774761214,0.5511857200962077
45_68,0.5637871158055552,0.5740714670126548
46_68,0.5673537860038111,0.5725636490031403
47_68,0.5675367410033056,0.5670721897017845
37_69,0.5553427536932531,0.5471940755061737
38_69,0.5536083308007743,0.5471940755061737
39_69,0.552511434625553,0.5476056370853123
40_69,0.5534662844196547,0.5480304586179308
41_69,0.5520003869567133,0.5475694929784927
42_69,0.5459495042386102,0.544775743863702
43_69,0.5567482872729517,0.5486247503492289
44_69,0.5605275948254681,0.5487617543812265
45_69,0.5641109982557777,0.5671076207470864
39_70,0.5555203386923785,0.5476056370853123
40_70,0.5563291571774209,0.5484002996501286
41_70,0.5561205147510314,0.5486247503492289
42_70,0.555342762645151,0.5478984465717989
43_70,0.5586063343597822,0.5486247503492289
44_70,0.5599677247584686,0.5486225389483702
40_71,0.5563693809157358,0.5484980838360777
41_71,0.5588954084622396,0.5486247503492289
42_71,0.5587089814497692,0.5486247503492289
43_71,0.558004732700728,0.5486247503492289
41_72,0.5584736107348871,0.5486247503492289
42_72,0.5583896066573297,0.5486247503492289
43_72,0.5597543060554157,0.5486247503492289
