system:index,NDVI,NIR_glcm_asm,NIR_glcm_contrast,NIR_glcm_correlation,NIR_glcm_dissimilarity,NIR_glcm_energy,NIR_glcm_homogeneity,NIR_mean,NIR_std,Red_glcm_asm,Red_glcm_contrast,Red_glcm_correlation,Red_glcm_dissimilarity,Red_glcm_energy,Red_glcm_homogeneity,Red_mean,Red_std,elevation,grid_id,modis_ndvi,ndbi,nighttime_lights,poi_accessibility,population_left,precipitation,road_accessibility,sentinel2_composite,slope,surface_temp,x_idx,y_idx,poi_count_school,poi_count_healthcare,poi_count_market,poi_count_finance,poi_count_transport,poi_count_food,poi_count_water,poi_count_worship,poi_count_public,poi_count_total,barangay_name_clean,poverty_rate,population_right,shape_sqkm,lon,lat,geometry_wkt,grid_cell_id,has_target_data,exclusion_reason
382_13,0.68269706,1.0,0.0,1.0,0.0,0.0,1.0,255.0,0.0,1.0,0.0,1.0,0.0,0.0,1.0,255.0,0.0,1,28_6,0.5271,-0.5057675,1.24,4214.714524822698,0.741357,1748.758211672306,1366.8943607586957,320.0,0.23187147,34.27864502,28,6,0,0,0,0,0,0,0,0,0,0,,,,,122.15606718344816,6.913074279740627,POINT (122.15606718344816 6.913074279740627),28_6,False,no_barangay_or_poverty
441_4,-0.15439856,1.0,0.0,1.0,0.0,0.0,1.0,255.0,0.0,1.0,0.0,1.0,0.0,0.0,1.0,255.0,0.0,3,28_7,0.4385,-0.1459854,3.1399999,4596.645250787719,0.069896504,1748.758211672306,1419.6164369755738,643.0,0.677305,35.95347482,28,7,0,0,0,0,0,0,0,0,0,0,,,,,122.15382139523786,6.922057432581823,POINT (122.15382139523786 6.922057432581823),28_7,False,no_barangay_or_poverty
500_11,0.47797716,1.0,0.0,1.0,0.0,0.0,1.0,255.0,0.0,1.0,0.0,1.0,0.0,0.0,1.0,255.0,0.0,3,28_8,0.4852,-0.32456142,0.845,4693.297554766297,11.912582,1748.758211672306,1850.57329812062,480.0,0.5192344,34.98959318000004,28,8,0,0,0,0,0,0,0,0,0,0,,,,,122.15382139523786,6.93104058542302,POINT (122.15382139523786 6.93104058542302),28_8,False,no_barangay_or_poverty
596_4,0.07350149,1.0,0.0,1.0,0.0,0.0,1.0,255.0,0.0,1.0,0.0,1.0,0.0,0.0,1.0,255.0,0.0,6,6_10,0.3787,0.037217222,4.9700003,4468.183923797211,51.279102,1874.621692419052,1886.4639320386725,854.0,0.7444652,31.07937830000003,6,10,0,0,0,0,0,0,0,0,0,0,,,,,121.95394624452126,6.953498467526003,POINT (121.95394624452126 6.953498467526003),6_10,False,no_barangay_or_poverty
597_6,0.06140963,1.0,0.0,1.0,0.0,0.0,1.0,255.0,0.0,1.0,0.0,1.0,0.0,0.0,1.0,255.0,0.0,3,7_10,0.5033500000000001,0.049820397,12.469999,4839.306762683162,109.86664,1874.621692419052,1694.8005557204162,1345.0,0.47821593,41.51117534000002,7,10,0,0,0,0,0,0,0,0,0,0,,,,,121.96742097378308,6.953498467526003,POINT (121.96742097378308 6.953498467526003),7_10,False,no_barangay_or_poverty
598_8,-0.056811914,1.0,0.0,1.0,0.0,0.0,1.0,255.0,0.0,1.0,0.0,1.0,0.0,0.0,1.0,255.0,0.0,15,8_10,0.6631,-0.147651,5.2200003,4357.221628590194,38.21553,1874.621692419052,1500.2185165013352,479.0,3.3240924,36.3943994,8,10,0,0,0,0,0,0,0,0,0,0,,,,,121.97864991483452,6.951252679315708,POINT (121.97864991483453 6.951252679315708),8_10,False,no_barangay_or_poverty
631_0,0.10204082,1.0,0.0,1.0,0.0,0.0,1.0,255.0,0.0,1.0,0.0,1.0,0.0,0.0,1.0,255.0,0.0,9,41_10,0.7427,-0.25760457,0.25,3612.2039529198337,0.573898,1898.0711461752653,0.0,1078.0,2.962932,31.97148152,41,10,0,0,0,0,0,0,0,0,0,0,,,,,122.27060238217342,6.955744255736306,POINT (122.27060238217342 6.955744255736306),41_10,False,no_barangay_or_poverty
653_2,-0.102608696,1.0,0.0,1.0,0.0,0.0,1.0,255.0,0.0,1.0,0.0,1.0,0.0,0.0,1.0,255.0,0.0,10,4_11,0.4752,-0.07388137,1.7750001,4237.348473245815,34.689644,1722.7079914361238,1280.434634153816,317.0,1.4003683,27.73655474000003,4,11,0,0,0,0,0,0,0,0,0,0,,,,,121.94047151525945,6.9624816203672,POINT (121.94047151525945 6.9624816203672),4_11,False,no_barangay_or_poverty
727_0,0.70497566,1.0,0.0,1.0,0.0,0.0,1.0,255.0,0.0,1.0,0.0,1.0,0.0,0.0,1.0,255.0,0.0,263,19_12,0.8205,-0.31683376,0.485,4572.062627711278,0.0564535,1904.0162175446749,1653.296509221622,545.5,8.80979,29.633555839999985,19,12,0,0,0,0,0,0,0,0,0,0,PASONANCA NATURAL PARK UNDER JURISDICTION OF ZAMBOANGA CITY,,,141.3155496426694,122.07521880787738,6.973710561418692,POINT (122.07521880787738 6.973710561418692),19_12,False,no_poverty_rate
750_1,-0.08821349,1.0,0.0,1.0,0.0,0.0,1.0,255.0,0.0,1.0,0.0,1.0,0.0,0.0,1.0,255.0,0.0,15,42_12,0.7369,-0.21902874,0.255,4635.331776466936,8.283977,1898.0711461752653,0.0,734.0,3.066278,30.727322240000035,42,12,0,0,0,0,0,0,0,0,0,0,,,,,122.28183132322488,6.973710561418692,POINT (122.28183132322488 6.973710561418692),42_12,False,no_barangay_or_poverty
750_3,0.62236285,1.0,0.0,1.0,0.0,0.0,1.0,255.0,0.0,1.0,0.0,1.0,0.0,0.0,1.0,255.0,0.0,15,42_12,0.7369,-0.329683,0.23,4102.044561204088,10.369985,1898.0711461752653,0.0,537.0,5.280054,29.93775962000001,42,12,0,0,0,0,0,0,0,0,0,0,,,,,122.27958553501458,6.969218984998093,POINT (122.27958553501458 6.9692189849980934),42_12,False,no_barangay_or_poverty
770_1,0.23185161,1.0,0.0,1.0,0.0,0.0,1.0,255.0,0.0,1.0,0.0,1.0,0.0,0.0,1.0,255.0,0.0,9,3_13,0.6657000000000001,0.042743538,2.55,4886.692610909883,23.993942,1722.7079914361238,1605.2542020885692,600.5,1.4016138,28.47484706,3,13,0,0,0,0,0,0,0,0,0,0,,,,,121.929242574208,6.980447926049592,POINT (121.92924257420799 6.980447926049592),3_13,False,no_barangay_or_poverty
845_1,0.12906137,1.0,0.0,1.0,0.0,0.0,1.0,255.0,0.0,1.0,0.0,1.0,0.0,0.0,1.0,255.0,0.0,252,19_14,0.8048000000000001,-0.12233259,0.435,3335.1220367863643,0.237016,1904.0162175446749,1494.0658553041662,3377.5,8.995874,27.98607020000003,19,14,0,0,0,0,0,0,0,0,0,0,PASONANCA NATURAL PARK UNDER JURISDICTION OF ZAMBOANGA CITY,,,141.3155496426694,122.07521880787738,6.984939502470191,POINT (122.07521880787738 6.984939502470191),19_14,False,no_poverty_rate
858_0,0.11827142,1.0,0.0,1.0,0.0,0.0,1.0,255.0,0.0,1.0,0.0,1.0,0.0,0.0,1.0,255.0,0.0,3,32_14,0.4625,-0.05394784,0.36,3796.514697620586,4.160912,1772.5415197312832,496.3015227924993,1163.0,0.0,35.81333600000005,32,14,0,0,0,0,0,0,0,0,0,0,,,,,122.18975400660264,6.991676867101084,POINT (122.18975400660264 6.991676867101084),32_14,False,no_barangay_or_poverty
863_5,0.069767445,1.0,0.0,1.0,0.0,0.0,1.0,255.0,0.0,1.0,0.0,1.0,0.0,0.0,1.0,255.0,0.0,0,37_14,0.6308,-0.23952095,0.28,1245.6476150788003,25.134636,1959.574444904924,0.0,360.0,0.62833863,33.33868952,37,14,0,0,0,0,0,0,0,0,0,0,,,,,122.24140713543947,6.984939502470191,POINT (122.24140713543949 6.984939502470191),37_14,False,no_barangay_or_poverty
964_1,0.053729534,1.0,0.0,1.0,0.0,0.0,1.0,255.0,0.0,1.0,0.0,1.0,0.0,0.0,1.0,255.0,0.0,444,20_16,0.7431,-0.13061206,0.245,3308.8288205686968,0.16065,1924.614009782672,590.1451600122948,5851.5,4.6123686,27.5929979,20,16,0,0,0,0,0,0,0,0,0,0,PASONANCA NATURAL PARK UNDER JURISDICTION OF ZAMBOANGA CITY,,,141.3155496426694,122.08195617250828,7.007397384573174,POINT (122.08195617250828 7.007397384573174),20_16,False,no_poverty_rate
1024_3,0.43694603,1.0,0.0,1.0,0.0,0.0,1.0,255.0,0.0,1.0,0.0,1.0,0.0,0.0,1.0,255.0,0.0,385,21_17,0.8103,-0.23038773,0.265,3354.40881269516,4.644156,1924.614009782672,1464.0994878014044,1604.0,8.328568,30.82644482000001,21,17,0,0,0,0,0,0,0,0,0,0,PASONANCA NATURAL PARK UNDER JURISDICTION OF ZAMBOANGA CITY,,,141.3155496426694,122.0909393253495,7.014134749204075,POINT (122.0909393253495 7.014134749204075),21_17,False,no_poverty_rate
1036_6,0.35520506,1.0,0.0,1.0,0.0,0.0,1.0,255.0,0.0,1.0,0.0,1.0,0.0,0.0,1.0,255.0,0.0,7,33_17,0.4848,-0.07993967,1.685,3841.025725734061,50.92354,1900.898650959134,1781.4981737364155,1022.0,1.0959325,36.73620140000003,33,17,0,0,0,0,0,0,0,0,0,0,,,,,122.20098294765415,7.016380537414371,POINT (122.20098294765415 7.016380537414371),33_17,False,no_barangay_or_poverty
1064_4,0.4380603,1.0,0.0,1.0,0.0,0.0,1.0,255.0,0.0,1.0,0.0,1.0,0.0,0.0,1.0,255.0,0.0,10,2_18,0.7806000000000001,-0.23716038,0.65999997,4195.968255294633,1.6660655,2207.122414536774,1313.7200761532574,689.5,2.0729527,23.18717012000002,2,18,0,0,0,0,0,0,0,0,0,0,,,,,121.91576784494616,7.025363690255567,POINT (121.91576784494617 7.025363690255567),2_18,False,no_barangay_or_poverty
1064_11,0.5300087,1.0,0.0,1.0,0.0,0.0,1.0,255.0,0.0,1.0,0.0,1.0,0.0,0.0,1.0,255.0,0.0,14,2_18,0.7043,-0.14468546,0.435,4511.565874914701,6.29827,2207.122414536774,1326.7446152429384,810.5,2.2926636,26.793181220000008,2,18,0,0,0,0,0,0,0,0,0,0,,,,,121.91801363315648,7.020872113834969,POINT (121.91801363315648 7.020872113834969),2_18,False,no_barangay_or_poverty
1187_0,0.19344583,1.0,0.0,1.0,0.0,0.0,1.0,255.0,0.0,1.0,0.0,1.0,0.0,0.0,1.0,255.0,0.0,624,7_20,0.8435,-0.13015285,0.235,3179.165965267488,0.026745,2398.2571824267507,330.50688400783133,3298.0,17.42078,26.174519600000053,7,20,0,0,0,0,0,0,0,0,0,0,WATERSHED AREA UNDER JURISDICTION OF ZAMBOANGA CITY,,,79.62279406032255,121.96742097378308,7.04332999593796,POINT (121.96742097378308 7.04332999593796),7_20,False,no_poverty_rate
1253_0,0.0516196,1.0,0.0,1.0,0.0,0.0,1.0,255.0,0.0,1.0,0.0,1.0,0.0,0.0,1.0,255.0,0.0,859,14_21,0.8092,-0.22851126,0.205,0.0,1.198634,2091.537840276957,0.0,4340.5,8.47258,17.92683734000002,14,21,0,0,0,0,0,0,0,0,0,0,PASONANCA NATURAL PARK UNDER JURISDICTION OF ZAMBOANGA CITY,,,141.3155496426694,122.02805725546114,7.047821572358558,POINT (122.02805725546114 7.047821572358558),14_21,False,no_poverty_rate
1306_0,0.43945423,1.0,0.0,1.0,0.0,0.0,1.0,255.0,0.0,1.0,0.0,1.0,0.0,0.0,1.0,255.0,0.0,700,8_22,0.8145,-0.1900094,0.265,1277.919342508182,3.295165,2620.4722895771265,0.0,1725.5,27.164536,25.073917160000008,8,22,0,0,0,0,0,0,0,0,0,0,WATERSHED AREA UNDER JURISDICTION OF ZAMBOANGA CITY,,,79.62279406032255,121.97864991483452,7.056804725199747,POINT (121.97864991483453 7.056804725199747),8_22,False,no_poverty_rate
1318_2,0.13892473,1.0,0.0,1.0,0.0,0.0,1.0,255.0,0.0,1.0,0.0,1.0,0.0,0.0,1.0,255.0,0.0,553,20_22,0.8138000000000001,-0.15442744,0.215,2115.8551090266906,0.985929,2167.458835273981,0.0,4504.5,6.1772447,25.374702920000004,20,22,0,0,0,0,0,0,0,0,0,0,PASONANCA NATURAL PARK UNDER JURISDICTION OF ZAMBOANGA CITY,,,141.3155496426694,122.08644774892888,7.056804725199747,POINT (122.08644774892889 7.056804725199747),20_22,False,no_poverty_rate
1475_2,-0.080516286,1.0,0.0,1.0,0.0,0.0,1.0,255.0,0.0,1.0,0.0,1.0,0.0,0.0,1.0,255.0,0.0,10,0_25,0.7089000000000001,-0.04761905,0.38,4637.07471313419,30.156862,2416.731344498694,1585.5468415499356,439.5,2.451267,23.98356878000004,0,25,0,0,0,0,0,0,0,0,0,0,,,,,121.90004732747413,7.088245760143934,POINT (121.90004732747411 7.088245760143934),0_25,False,no_barangay_or_poverty
1489_0,0.32707992,1.0,0.0,1.0,0.0,0.0,1.0,255.0,0.0,1.0,0.0,1.0,0.0,0.0,1.0,255.0,0.0,1034,14_25,0.7995,-0.32276422,0.205,0.0,4.1103954,2225.979917630553,973.7336607130665,2062.5,15.547269,18.87362888000001,14,25,0,0,0,0,0,0,0,0,0,0,PASONANCA NATURAL PARK UNDER JURISDICTION OF ZAMBOANGA CITY,,,141.3155496426694,122.02581146725085,7.09049154835423,POINT (122.02581146725083 7.09049154835423),14_25,False,no_poverty_rate
1489_1,0.1836793,1.0,0.0,1.0,0.0,0.0,1.0,255.0,0.0,1.0,0.0,1.0,0.0,0.0,1.0,255.0,0.0,1074,14_25,0.7995,-0.24030197,0.155,0.0,0.484583,2225.979917630553,726.6177604972431,2861.0,6.82672,21.99428114,14,25,0,0,0,0,0,0,0,0,0,0,PASONANCA NATURAL PARK UNDER JURISDICTION OF ZAMBOANGA CITY,,,141.3155496426694,122.02805725546114,7.09049154835423,POINT (122.02805725546114 7.09049154835423),14_25,False,no_poverty_rate
1511_12,0.24648082,1.0,0.0,1.0,0.0,0.0,1.0,255.0,0.0,1.0,0.0,1.0,0.0,0.0,1.0,255.0,0.0,2,36_25,0.7187,0.043423004,1.305,4277.909575060323,4.4521146,1927.473622903228,1450.9749391192809,1365.0,1.0384537,35.611672820000024,36,25,0,0,0,0,0,0,0,0,0,0,,,,,122.22793240617771,7.085999971933632,POINT (122.22793240617773 7.0859999719336315),36_25,False,no_barangay_or_poverty
1549_1,0.31367257,1.0,0.0,1.0,0.0,0.0,1.0,255.0,0.0,1.0,0.0,1.0,0.0,0.0,1.0,255.0,0.0,807,15_26,0.8125,-0.27996922,0.120000005,0.0,0.013714,2225.979917630553,0.0,2606.5,7.40144,17.687575939999988,15,26,0,0,0,0,0,0,0,0,0,0,PASONANCA NATURAL PARK UNDER JURISDICTION OF ZAMBOANGA CITY,,,141.3155496426694,122.03928619651263,7.099474701195426,POINT (122.03928619651265 7.099474701195426),15_26,False,no_poverty_rate
1774_1,0.39916036,1.0,0.0,1.0,0.0,0.0,1.0,255.0,0.0,1.0,0.0,1.0,0.0,0.0,1.0,255.0,0.0,233,4_30,0.8649,-0.15510231,0.215,1443.9516099752254,1.552161,2403.778122089803,0.0,1860.5,7.8805995,29.3703683,4,30,0,0,0,0,0,0,0,0,0,0,WATERSHED AREA UNDER JURISDICTION OF ZAMBOANGA CITY,,,79.62279406032255,121.9382257270492,7.135407312560211,POINT (121.9382257270492 7.135407312560211),4_30,False,no_poverty_rate
1852_2,0.36205494,1.0,0.0,1.0,0.0,0.0,1.0,255.0,0.0,1.0,0.0,1.0,0.0,0.0,1.0,255.0,0.0,570,23_31,0.8234,-0.2056411,0.21000001,154.67889885830482,2.377813,1988.8752299249168,0.0,1962.0,3.8343084,19.41367604000004,23,31,0,0,0,0,0,0,0,0,0,0,PASONANCA NATURAL PARK UNDER JURISDICTION OF ZAMBOANGA CITY,,,141.3155496426694,122.11339720745246,7.137653100770507,POINT (122.11339720745246 7.137653100770507),23_31,False,no_poverty_rate
1889_0,0.20460585,1.0,0.0,1.0,0.0,0.0,1.0,255.0,0.0,1.0,0.0,1.0,0.0,0.0,1.0,255.0,0.0,12,1_32,0.7358,0.0025669234,1.05,2762.2198208900995,134.03671,2375.829423084855,0.0,1347.0,1.747239,32.3098655,1,32,0,0,0,0,0,0,0,0,0,0,,,,,121.90678469210496,7.151127830032301,POINT (121.90678469210496 7.151127830032301),1_32,False,no_barangay_or_poverty
2030_1,0.5123476,1.0,0.0,1.0,0.0,0.0,1.0,255.0,0.0,1.0,0.0,1.0,0.0,0.0,1.0,255.0,0.0,628,24_34,0.8332,-0.2709282,0.23,0.0,0.276049,1973.236651659012,0.0,1170.0,4.5902057,24.940614380000056,24,34,0,0,0,0,0,0,0,0,0,0,UNCLAIMED AREA UNDER JURISDICTION OF ZAMBOANGA CITY,,,59.60613796215165,122.12238036029368,7.169094135714687,POINT (122.12238036029368 7.169094135714687),24_34,False,no_poverty_rate
2031_0,0.5560884,1.0,0.0,1.0,0.0,0.0,1.0,255.0,0.0,1.0,0.0,1.0,0.0,0.0,1.0,255.0,0.0,612,25_34,0.8332,-0.19036606,0.28,0.0,3.068138,1973.236651659012,0.0,1064.5,4.873161,25.42939124000003,25,34,0,0,0,0,0,0,0,0,0,0,UNCLAIMED AREA UNDER JURISDICTION OF ZAMBOANGA CITY,,,59.60613796215165,122.12462614850398,7.1713399239249895,POINT (122.12462614850398 7.1713399239249895),25_34,False,no_poverty_rate
2152_1,0.16055869,1.0,0.0,1.0,0.0,0.0,1.0,255.0,0.0,1.0,0.0,1.0,0.0,0.0,1.0,255.0,0.0,472,28_36,0.8391000000000001,-0.21799354,0.225,2794.86632892,1.839249,2160.40337985754,0.0,3275.5,4.4107738,28.221913579999978,28,36,0,0,0,0,0,0,0,0,0,0,UNCLAIMED AREA UNDER JURISDICTION OF ZAMBOANGA CITY,,,59.60613796215165,122.15382139523786,7.18706044139708,POINT (122.15382139523786 7.18706044139708),28_36,False,no_poverty_rate
2266_0,0.7564778,1.0,0.0,1.0,0.0,0.0,1.0,255.0,0.0,1.0,0.0,1.0,0.0,0.0,1.0,255.0,0.0,519,24_38,0.8646,-0.26496246,0.22999999,93.83273728955464,9.273422,1940.959762051701,0.0,578.0,3.820269,27.432350960000008,24,38,0,0,0,0,0,0,0,0,0,0,UNCLAIMED AREA UNDER JURISDICTION OF ZAMBOANGA CITY,,,59.60613796215165,122.12238036029368,7.205026747079472,POINT (122.12238036029368 7.205026747079472),24_38,False,no_poverty_rate
2329_3,0.6404791,1.0,0.0,1.0,0.0,0.0,1.0,255.0,0.0,1.0,0.0,1.0,0.0,0.0,1.0,255.0,0.0,392,28_39,0.8552000000000001,-0.2691009,0.23,3376.3471218627446,2.66691,2187.5992453694344,0.0,885.5,2.5203168,26.273642180000024,28,39,0,0,0,0,0,0,0,0,0,0,UNCLAIMED AREA UNDER JURISDICTION OF ZAMBOANGA CITY,,,59.60613796215165,122.15382139523786,7.20951832350007,POINT (122.15382139523786 7.20951832350007),28_39,False,no_poverty_rate
2388_2,0.7783697,1.0,0.0,1.0,0.0,0.0,1.0,255.0,0.0,1.0,0.0,1.0,0.0,0.0,1.0,255.0,0.0,465,28_40,0.8097000000000001,-0.28870356,0.215,3787.544094816383,0.7357,2187.5992453694344,0.0,520.0,2.8023808,28.14329912000005,28,40,0,0,0,0,0,0,0,0,0,0,UNCLAIMED AREA UNDER JURISDICTION OF ZAMBOANGA CITY,,,59.60613796215165,122.15382139523786,7.222993052761865,POINT (122.15382139523786 7.222993052761865),28_40,False,no_poverty_rate
2756_7,0.7249476,1.0,0.0,1.0,0.0,0.0,1.0,255.0,0.0,1.0,0.0,1.0,0.0,0.0,1.0,255.0,0.0,7,42_46,0.49,-0.48788425,0.245,1614.6328348761758,4.168358,2269.046917319298,161.30880864845676,328.0,2.7638204,34.81527416000006,42,46,0,0,0,0,0,0,0,0,0,0,,,,,122.28632289964548,7.274646181598733,POINT (122.28632289964548 7.274646181598733),42_46,False,no_barangay_or_poverty
2934_1,0.46984816,1.0,0.0,1.0,0.0,0.0,1.0,255.0,0.0,1.0,0.0,1.0,0.0,0.0,1.0,255.0,0.0,8,43_49,0.7898000000000001,-0.21216458,0.14,4147.052227729621,12.429912,2376.5414791703224,1215.6984930918504,611.0,0.9097966,35.01010130000003,43,49,0,0,0,0,0,0,0,0,0,0,,,,,122.29081447606607,7.30608721654292,POINT (122.29081447606609 7.30608721654292),43_49,False,no_barangay_or_poverty
2984_0,0.80075854,1.0,0.0,1.0,0.0,0.0,1.0,255.0,0.0,1.0,0.0,1.0,0.0,0.0,1.0,255.0,0.0,204,34_50,0.8283,-0.2543149,0.19,1025.2348857524912,1.3574079,2431.725950449705,1817.4898812886213,394.0,4.7552366,33.174624559999984,34,50,0,0,0,0,0,0,0,0,0,0,UNCLAIMED AREA UNDER JURISDICTION OF ZAMBOANGA CITY,,,59.60613796215165,122.20547452407476,7.315070369384109,POINT (122.20547452407476 7.3150703693841095),34_50,False,no_poverty_rate
3100_6,0.8405316,1.0,0.0,1.0,0.0,0.0,1.0,255.0,0.0,1.0,0.0,1.0,0.0,0.0,1.0,255.0,0.0,268,32_52,0.8324,-0.32993248,0.225,0.0,0.330294,2339.751337617636,65.59031381164868,384.0,0.7386416,29.82496495999999,32,52,0,0,0,0,0,0,0,0,0,0,UNCLAIMED AREA UNDER JURISDICTION OF ZAMBOANGA CITY,,,59.60613796215165,122.18750821839234,7.328545098645904,POINT (122.18750821839234 7.328545098645904),32_52,False,no_poverty_rate
3114_0,0.1291866,1.0,0.0,1.0,0.0,0.0,1.0,255.0,0.0,1.0,0.0,1.0,0.0,0.0,1.0,255.0,0.0,14,46_52,0.6805,-0.22026888,0.195,3721.8756479748736,5.427511,2264.382218450308,0.0,455.0,2.2981818,29.60621168,46,52,0,0,0,0,0,0,0,0,0,0,,,,,122.31776393458966,7.333036675066502,POINT (122.31776393458966 7.333036675066502),46_52,False,no_barangay_or_poverty
3114_2,0.7509225,1.0,0.0,1.0,0.0,0.0,1.0,255.0,0.0,1.0,0.0,1.0,0.0,0.0,1.0,255.0,0.0,22,46_52,0.21505,-0.3263452,0.215,4133.5910086438325,2.605738,2264.382218450308,0.0,405.0,3.3878696,33.171206540000014,46,52,0,0,0,0,0,0,0,0,0,0,,,,,122.31551814637936,7.328545098645904,POINT (122.31551814637936 7.328545098645904),46_52,False,no_barangay_or_poverty
3334_0,0.61034095,1.0,0.0,1.0,0.0,0.0,1.0,255.0,0.0,1.0,0.0,1.0,0.0,0.0,1.0,255.0,0.0,448,30_56,0.8330000000000001,-0.29360422,0.185,0.0,1.545255,2624.954472273588,0.0,1040.0,2.8234935,28.74828866000001,30,56,0,0,0,0,0,0,0,0,0,0,UNCLAIMED AREA UNDER JURISDICTION OF ZAMBOANGA CITY,,,59.60613796215165,122.17627927734084,7.36896928643128,POINT (122.17627927734083 7.36896928643128),30_56,False,no_poverty_rate
3475_10,-0.07666099,1.0,0.0,1.0,0.0,0.0,1.0,255.0,0.0,1.0,0.0,1.0,0.0,0.0,1.0,255.0,0.0,23,53_58,0.761,-0.35162094,0.08,0.0,0.125542,2405.1762563586235,275.1057433686892,632.0,3.4084425,33.78303212000003,53,58,0,0,0,0,0,0,0,0,0,0,,,,,122.38513758089864,7.380198227482779,POINT (122.38513758089863 7.380198227482779),53_58,False,no_barangay_or_poverty
4115_2,0.67918086,1.0,0.0,1.0,0.0,0.0,1.0,255.0,0.0,1.0,0.0,1.0,0.0,0.0,1.0,255.0,0.0,124,44_69,0.7504000000000001,-0.16403785,0.03,710.9084716396874,1.390632,2598.4809565246105,0.0,705.0,3.617795,32.54912690000003,44,69,0,0,0,0,0,0,0,0,0,0,,,,,122.3042892053279,7.481258696946227,POINT (122.3042892053279 7.481258696946227),44_69,False,no_barangay_or_poverty
